Unique_id,SPORTS
68,"FED202"
133,"FED211"
139,"FED109"
150,"FED402"
153,"FED132"
170,"FED217"
174,"FED123"
186,"FED132"
191,"FED604"
209,"FED242"
232,"FED111"
239,"FED220"
240,"FED111"
245,"FED123"
252,"FED111"
282,"FED111"
291,"FED211"
319,"FED132"
320,"FED108"
329,"FED602"
350,"FED401"
376,"FED243"
383,"FED111"
403,"FED111"
415,"FED119"
441,"FED133"
444,"FED105"
449,"FED111"
457,"FED102"
463,"FED261"
483,"FED404"
490,"FED101"
500,"FED242"
517,"FED402"
542,"FED233"
552,"FED111"
562,"FED242"
565,"FED111"
586,"FED245"
604,"FED604"
615,"FED109"
616,"FED123"
628,"FED105"
645,"FED211"
648,"FED115"
669,"FED211"
688,"FED123"
692,"FED604"
703,"FED132"
706,"FED242"
719,"FED132"
735,"FED103"
756,"FED401"
757,"FED266"
779,"FED401"
800,"FED249"
814,"FED402"
819,"FED123"
820,"FED129"
827,"FED111"
830,"FED111"
855,"FED111"
876,"FED132"
885,"FED205"
947,"FED218"
971,"FED410"
998,"FED251"
1028,"FED111"
1029,"FED103"
1036,"FED132"
1066,"FED242"
1074,"FED111"
1100,"FED113"
1120,"FED233"
1133,"FED413"
1156,"FED221"
1165,"FED111"
1196,"FED115"
1232,"FED111"
1246,"FED111"
1260,"FED109"
1261,"FED111"
1264,"FED602"
1373,"FED402"
1390,"FED134"
1430,"FED111"
1432,"FED133"
1433,"FED242"
1434,"FED117"
1440,"FED123"
1474,"FED245"
1483,"FED126"
1485,"FED109"
1521,"FED403"
1522,"FED605"
1551,"FED111"
1553,"FED111"
1577,"FED233"
1586,"FED132"
1605,"FED420"
1606,"FED111"
1617,"FED111"
1647,"FED219"
1653,"FED125"
1671,"FED117"
1678,"FED402"
1718,"FED219"
1724,"FED119"
1742,"FED111"
1749,"FED123"
1775,"FED123"
1787,"FED109"
1794,"FED206"
1807,"FED402"
1830,"FED109"
1843,"FED410"
1846,"FED105"
1847,"FED402"
1857,"FED111"
1866,"FED245"
1873,"FED413"
1910,"FED242"
1912,"FED402"
1929,"FED107"
1946,"FED403"
1959,"FED123"
1962,"FED420"
1965,"FED111"
1990,"FED212"
2003,"FED211"
2030,"FED107"
2036,"FED404"
2051,"FED115"
2055,"FED101"
2084,"FED123"
2085,"FED111"
2133,"FED242"
2143,"FED103"
2161,"FED210"
2166,"FED242"
2177,"FED111"
2190,"FED119"
2195,"FED242"
2201,"FED242"
2204,"FED109"
2212,"FED111"
2218,"FED402"
2238,"FED242"
2242,"FED105"
2259,"FED123"
2268,"FED115"
2289,"FED132"
2298,"FED119"
2322,"FED105"
2328,"FED413"
2343,"FED111"
2344,"FED111"
2360,"FED111"
2373,"FED135"
2406,"FED402"
2417,"FED402"
2423,"FED415"
2451,"FED413"
2456,"FED401"
2473,"FED111"
2475,"FED132"
2493,"FED119"
2524,"FED111"
2526,"FED135"
2545,"FED109"
2559,"FED604"
2605,"FED401"
2611,"FED111"
2618,"FED401"
2620,"FED401"
2638,"FED402"
2640,"FED221"
2647,"FED121"
2669,"FED401"
2688,"FED124"
2689,"FED401"
2697,"FED101"
2705,"FED402"
2721,"FED401"
2722,"FED401"
2723,"FED206"
2735,"FED121"
2777,"FED403"
2786,"FED402"
2795,"FED257"
2805,"FED403"
2821,"FED410"
2854,"FED129"
2906,"FED413"
2921,"FED410"
2935,"FED132"
2974,"FED249"
2986,"FED111"
3000,"FED134"
3012,"FED242"
3018,"FED604"
3022,"FED106"
3024,"FED228"
3075,"FED125"
3086,"FED123"
3098,"FED403"
3110,"FED401"
3133,"FED241"
3135,"FED111"
3233,"FED111"
3234,"FED410"
3295,"FED219"
3300,"FED242"
3306,"FED114"
3307,"FED242"
3320,"FED242"
3324,"FED218"
3326,"FED420"
3329,"FED135"
3337,"FED242"
3340,"FED218"
3342,"FED245"
3366,"FED601"
3384,"FED410"
3385,"FED125"
3418,"FED206"
3427,"FED123"
3438,"FED109"
3439,"FED111"
3464,"FED132"
3474,"FED132"
3480,"FED245"
3488,"FED604"
3489,"FED125"
3500,"FED249"
3519,"FED111"
3530,"FED410"
3558,"FED420"
3568,"FED132"
3615,"FED601"
3630,"FED401"
3632,"FED410"
3644,"FED604"
3692,"FED111"
3732,"FED206"
3747,"FED132"
3749,"FED133"
3778,"FED245"
3779,"FED124"
3827,"FED123"
3849,"FED402"
3860,"FED245"
3882,"FED413"
3900,"FED123"
3930,"FED131"
3950,"FED111"
3953,"FED410"
3960,"FED132"
4012,"FED125"
4015,"FED245"
4041,"FED125"
4053,"FED206"
4071,"FED105"
4076,"FED401"
4079,"FED105"
4100,"FED119"
4167,"FED404"
4215,"FED105"
4220,"FED123"
4229,"FED206"
4240,"FED111"
4277,"FED134"
4300,"FED109"
4305,"FED125"
4318,"FED242"
4325,"FED123"
4341,"FED111"
4356,"FED111"
4371,"FED402"
4388,"FED113"
4404,"FED242"
4416,"FED105"
4480,"FED404"
4484,"FED123"
4491,"FED245"
4513,"FED133"
4549,"FED123"
4551,"FED119"
4583,"FED402"
4611,"FED242"
4613,"FED402"
4614,"FED127"
4624,"FED211"
4655,"FED403"
4687,"FED135"
4691,"FED402"
4694,"FED403"
4706,"FED242"
4713,"FED261"
4734,"FED267"
4754,"FED251"
4766,"FED133"
4767,"FED119"
4775,"FED111"
4783,"FED402"
4793,"FED242"
4818,"FED221"
4846,"FED123"
4863,"FED115"
4877,"FED245"
4882,"FED107"
4886,"FED602"
4901,"FED132"
4905,"FED242"
4918,"FED128"
4926,"FED111"
4939,"FED124"
4940,"FED133"
4990,"FED133"
4996,"FED242"
5036,"FED109"
5079,"FED125"
5083,"FED101"
5099,"FED242"
5112,"FED124"
5145,"FED601"
5159,"FED242"
5185,"FED123"
5190,"FED101"
5210,"FED123"
5246,"FED604"
5253,"FED111"
5256,"FED105"
5260,"FED111"
5282,"FED403"
5289,"FED111"
5308,"FED117"
5311,"FED111"
5312,"FED108"
5321,"FED242"
5343,"FED403"
5360,"FED109"
5417,"FED117"
5450,"FED119"
5476,"FED111"
5480,"FED604"
5483,"FED242"
5498,"FED129"
5502,"FED401"
5527,"FED115"
5531,"FED242"
5532,"FED111"
5537,"FED267"
5568,"FED242"
5598,"FED134"
5624,"FED135"
5632,"FED111"
5641,"FED113"
5671,"FED402"
5712,"FED111"
5742,"FED132"
5746,"FED109"
5747,"FED402"
5762,"FED111"
5817,"FED413"
5818,"FED115"
5835,"FED109"
5905,"FED109"
5914,"FED604"
5976,"FED254"
6022,"FED237"
6028,"FED218"
6056,"FED201"
6062,"FED402"
6115,"FED132"
6136,"FED115"
6146,"FED111"
6168,"FED402"
6191,"FED121"
6199,"FED211"
6227,"FED248"
6250,"FED220"
6273,"FED248"
6282,"FED111"
6301,"FED125"
6315,"FED249"
6319,"FED124"
6338,"FED128"
6344,"FED218"
6354,"FED111"
6356,"FED111"
6362,"FED128"
6367,"FED111"
6376,"FED221"
6388,"FED413"
6392,"FED209"
6399,"FED133"
6404,"FED242"
6419,"FED127"
6507,"FED207"
6511,"FED133"
6526,"FED136"
6536,"FED245"
6586,"FED401"
6601,"FED111"
6609,"FED109"
6619,"FED111"
6623,"FED242"
6650,"FED121"
6671,"FED403"
6679,"FED410"
6700,"FED242"
6722,"FED403"
6732,"FED213"
6750,"FED213"
6752,"FED111"
6756,"FED111"
6761,"FED111"
6762,"FED245"
6769,"FED242"
6770,"FED402"
6772,"FED111"
6842,"FED111"
6849,"FED243"
6851,"FED242"
6858,"FED403"
6866,"FED134"
6873,"FED402"
6895,"FED119"
6911,"FED115"
6922,"FED125"
6941,"FED111"
6948,"FED115"
6952,"FED242"
6964,"FED125"
6968,"FED404"
6971,"FED403"
6977,"FED402"
6986,"FED123"
6991,"FED134"
7002,"FED103"
7005,"FED245"
7009,"FED105"
7010,"FED245"
7028,"FED245"
7054,"FED213"
7055,"FED135"
7098,"FED213"
7119,"FED125"
7134,"FED402"
7143,"FED111"
7149,"FED404"
7152,"FED111"
7163,"FED111"
7175,"FED122"
7191,"FED128"
7193,"FED109"
7202,"FED132"
7236,"FED111"
7237,"FED242"
7251,"FED604"
7280,"FED221"
7286,"FED219"
7287,"FED405"
7290,"FED125"
7307,"FED257"
7310,"FED402"
7313,"FED109"
7385,"FED603"
7386,"FED407"
7389,"FED402"
7402,"FED245"
7403,"FED111"
7415,"FED242"
7427,"FED132"
7448,"FED111"
7465,"FED134"
7473,"FED109"
7482,"FED126"
7485,"FED101"
7493,"FED111"
7555,"FED218"
7571,"FED602"
7579,"FED123"
7586,"FED404"
7588,"FED245"
7614,"FED410"
7639,"FED601"
7675,"FED407"
7686,"FED105"
7712,"FED245"
7713,"FED109"
7731,"FED125"
7775,"FED109"
7782,"FED410"
7793,"FED111"
7800,"FED221"
7801,"FED133"
7807,"FED105"
7851,"FED123"
7853,"FED123"
7861,"FED245"
7871,"FED101"
7873,"FED133"
7878,"FED123"
7919,"FED123"
7926,"FED113"
7930,"FED123"
7936,"FED134"
7938,"FED115"
7943,"FED136"
7955,"FED233"
7965,"FED242"
7971,"FED125"
7977,"FED410"
7994,"FED105"
8008,"FED402"
8011,"FED604"
8015,"FED103"
8023,"FED124"
8028,"FED410"
8060,"FED206"
8103,"FED402"
8125,"FED407"
8142,"FED128"
8144,"FED115"
8147,"FED125"
8159,"FED410"
8173,"FED267"
8179,"FED123"
8188,"FED211"
8231,"FED111"
8262,"FED109"
8268,"FED123"
8284,"FED111"
8294,"FED108"
8309,"FED132"
8332,"FED215"
8344,"FED109"
8348,"FED417"
8356,"FED109"
8358,"FED245"
8372,"FED111"
8391,"FED109"
8399,"FED123"
8423,"FED404"
8435,"FED111"
8449,"FED125"
8456,"FED132"
8457,"FED501"
8483,"FED121"
8490,"FED221"
8503,"FED111"
8515,"FED132"
8525,"FED420"
8546,"FED403"
8566,"FED123"
8569,"FED113"
8573,"FED410"
8586,"FED103"
8588,"FED242"
8604,"FED109"
8612,"FED109"
8615,"FED115"
8656,"FED132"
8670,"FED403"
8699,"FED601"
8703,"FED407"
8709,"FED245"
8726,"FED111"
8730,"FED410"
8732,"FED111"
8736,"FED127"
8744,"FED410"
8761,"FED125"
8766,"FED125"
8785,"FED215"
8808,"FED109"
8813,"FED113"
8814,"FED119"
8826,"FED401"
8860,"FED207"
8869,"FED111"
8907,"FED128"
8929,"FED132"
8971,"FED123"
8984,"FED134"
8989,"FED602"
9027,"FED134"
9028,"FED111"
9029,"FED604"
9033,"FED410"
9046,"FED123"
9055,"FED501"
9057,"FED101"
9158,"FED119"
9200,"FED249"
9207,"FED134"
9235,"FED267"
9245,"FED119"
9259,"FED221"
9260,"FED604"
9269,"FED119"
9291,"FED503"
9343,"FED420"
9345,"FED603"
9350,"FED605"
9390,"FED132"
9406,"FED129"
9427,"FED601"
9430,"FED402"
9491,"FED125"
9529,"FED109"
9531,"FED128"
9569,"FED129"
9571,"FED128"
9625,"FED135"
9629,"FED604"
9641,"FED111"
9661,"FED109"
9665,"FED245"
9682,"FED245"
9697,"FED128"
9728,"FED410"
9741,"FED134"
9745,"FED420"
9748,"FED404"
9780,"FED111"
9832,"FED101"
9837,"FED111"
9846,"FED132"
9854,"FED221"
9877,"FED111"
9897,"FED111"
9910,"FED112"
9928,"FED125"
9938,"FED125"
9980,"FED420"
9990,"FED603"
10005,"FED128"
10057,"FED123"
10059,"FED212"
10081,"FED123"
10082,"FED123"
10113,"FED242"
10123,"FED123"
10130,"FED123"
10135,"FED420"
10161,"FED102"
10182,"FED401"
10223,"FED123"
10263,"FED119"
10269,"FED221"
10287,"FED242"
10304,"FED413"
10307,"FED132"
10321,"FED106"
10355,"FED402"
10356,"FED245"
10393,"FED123"
10408,"FED101"
10416,"FED403"
10418,"FED123"
10421,"FED123"
10434,"FED242"
10464,"FED101"
10495,"FED420"
10506,"FED129"
10516,"FED113"
10522,"FED123"
10573,"FED266"
10586,"FED134"
10615,"FED111"
10675,"FED211"
10676,"FED115"
10694,"FED604"
10695,"FED420"
10702,"FED403"
10705,"FED105"
10722,"FED402"
10728,"FED402"
10730,"FED261"
10740,"FED105"
10748,"FED109"
10755,"FED134"
10760,"FED402"
10786,"FED403"
10801,"FED124"
10804,"FED102"
10805,"FED245"
10822,"FED125"
10835,"FED123"
10836,"FED111"
10851,"FED124"
10862,"FED404"
10886,"FED109"
10897,"FED105"
10912,"FED109"
10924,"FED604"
10946,"FED242"
10955,"FED402"
10968,"FED111"
10973,"FED115"
10984,"FED127"
10988,"FED109"
10992,"FED125"
11009,"FED117"
11010,"FED111"
11046,"FED109"
11051,"FED218"
11057,"FED114"
11061,"FED132"
11062,"FED601"
11077,"FED245"
11082,"FED111"
11088,"FED402"
11113,"FED128"
11143,"FED108"
11162,"FED132"
11183,"FED133"
11199,"FED111"
11228,"FED125"
11290,"FED117"
11300,"FED123"
11322,"FED258"
11332,"FED604"
11336,"FED111"
11354,"FED111"
11363,"FED129"
11366,"FED111"
11427,"FED604"
11449,"FED133"
11466,"FED111"
11468,"FED111"
11504,"FED233"
11511,"FED115"
11526,"FED404"
11530,"FED402"
11575,"FED413"
11589,"FED202"
11600,"FED105"
11636,"FED133"
11644,"FED107"
11652,"FED402"
11657,"FED233"
11662,"FED212"
11668,"FED221"
11672,"FED111"
11687,"FED605"
11705,"FED503"
11713,"FED115"
11717,"FED108"
11732,"FED252"
11743,"FED111"
11748,"FED402"
11751,"FED111"
11754,"FED420"
11762,"FED413"
11783,"FED403"
11795,"FED205"
11814,"FED218"
11829,"FED503"
11836,"FED136"
11881,"FED123"
11885,"FED134"
11889,"FED402"
11891,"FED109"
11895,"FED605"
11931,"FED407"
11943,"FED413"
11947,"FED119"
11948,"FED101"
11955,"FED111"
11974,"FED123"
12005,"FED407"
12011,"FED128"
12012,"FED111"
12039,"FED111"
12055,"FED242"
12057,"FED123"
12058,"FED218"
12060,"FED109"
12072,"FED218"
12080,"FED109"
12084,"FED111"
12105,"FED255"
12166,"FED117"
12167,"FED420"
12193,"FED111"
12217,"FED237"
12262,"FED132"
12267,"FED407"
12300,"FED402"
12309,"FED242"
12311,"FED402"
12329,"FED221"
12338,"FED503"
12357,"FED407"
12371,"FED413"
12381,"FED133"
12389,"FED222"
12406,"FED420"
12412,"FED123"
12426,"FED111"
12433,"FED206"
12439,"FED111"
12441,"FED109"
12459,"FED115"
12483,"FED109"
12495,"FED111"
12501,"FED221"
12520,"FED136"
12559,"FED138"
12575,"FED202"
12592,"FED222"
12600,"FED211"
12623,"FED221"
12694,"FED128"
12696,"FED221"
12699,"FED128"
12712,"FED132"
12713,"FED604"
12718,"FED420"
12724,"FED128"
12727,"FED601"
12749,"FED213"
12753,"FED125"
12769,"FED407"
12842,"FED125"
12868,"FED604"
12879,"FED242"
12892,"FED109"
12916,"FED132"
12920,"FED111"
12943,"FED604"
12944,"FED233"
12954,"FED111"
12986,"FED117"
12991,"FED604"
13026,"FED111"
13059,"FED119"
13061,"FED105"
13107,"FED601"
13116,"FED111"
13129,"FED220"
13141,"FED107"
13147,"FED245"
13159,"FED109"
13175,"FED109"
13176,"FED242"
13185,"FED111"
13192,"FED132"
13196,"FED123"
13216,"FED125"
13230,"FED111"
13255,"FED109"
13266,"FED133"
13272,"FED132"
13277,"FED101"
13298,"FED402"
13353,"FED111"
13371,"FED124"
13373,"FED108"
13374,"FED221"
13382,"FED103"
13385,"FED117"
13389,"FED133"
13394,"FED124"
13419,"FED109"
13424,"FED242"
13429,"FED219"
13452,"FED111"
13467,"FED123"
13511,"FED111"
13518,"FED245"
13523,"FED402"
13564,"FED402"
13569,"FED242"
13574,"FED117"
13609,"FED111"
13629,"FED113"
13654,"FED111"
13657,"FED133"
13672,"FED132"
13681,"FED252"
13690,"FED115"
13696,"FED252"
13698,"FED245"
13726,"FED111"
13741,"FED402"
13759,"FED242"
13762,"FED242"
13767,"FED133"
13791,"FED123"
13795,"FED111"
13800,"FED413"
13813,"FED101"
13817,"FED402"
13822,"FED111"
13875,"FED221"
13880,"FED402"
13930,"FED123"
13941,"FED115"
13967,"FED218"
14063,"FED407"
14069,"FED115"
14074,"FED201"
14080,"FED213"
14157,"FED420"
14184,"FED242"
14209,"FED101"
14220,"FED218"
14224,"FED125"
14226,"FED261"
14245,"FED125"
14253,"FED134"
14280,"FED110"
14292,"FED114"
14303,"FED254"
14311,"FED109"
14316,"FED134"
14329,"FED109"
14345,"FED413"
14346,"FED605"
14351,"FED111"
14398,"FED221"
14399,"FED107"
14426,"FED116"
14430,"FED115"
14450,"FED402"
14463,"FED124"
14464,"FED261"
14467,"FED119"
14471,"FED604"
14472,"FED123"
14495,"FED114"
14499,"FED115"
14510,"FED111"
14516,"FED123"
14523,"FED109"
14529,"FED245"
14549,"FED109"
14566,"FED109"
14569,"FED245"
14586,"FED105"
14598,"FED115"
14618,"FED132"
14622,"FED245"
14630,"FED109"
14646,"FED402"
14656,"FED417"
14659,"FED245"
14663,"FED111"
14673,"FED403"
14688,"FED604"
14700,"FED125"
14723,"FED105"
14730,"FED111"
14750,"FED242"
14771,"FED117"
14783,"FED202"
14819,"FED111"
14856,"FED132"
14857,"FED111"
14861,"FED117"
14900,"FED103"
14901,"FED221"
14904,"FED403"
14932,"FED123"
14945,"FED242"
14960,"FED109"
14967,"FED403"
14980,"FED115"
14993,"FED111"
15017,"FED602"
15084,"FED233"
15085,"FED105"
15088,"FED105"
15092,"FED102"
15123,"FED222"
15127,"FED101"
15143,"FED111"
15149,"FED604"
15159,"FED111"
15161,"FED109"
15169,"FED218"
15193,"FED250"
15219,"FED111"
15220,"FED245"
15228,"FED245"
15246,"FED402"
15251,"FED403"
15321,"FED111"
15323,"FED602"
15370,"FED111"
15387,"FED402"
15396,"FED134"
15418,"FED119"
15423,"FED111"
15424,"FED111"
15427,"FED111"
15428,"FED111"
15459,"FED604"
15478,"FED133"
15486,"FED111"
15487,"FED602"
15525,"FED245"
15545,"FED105"
15548,"FED111"
15552,"FED249"
15570,"FED403"
15571,"FED109"
15572,"FED111"
15573,"FED128"
15581,"FED111"
15588,"FED402"
15597,"FED218"
15617,"FED604"
15626,"FED124"
15635,"FED117"
15641,"FED105"
15715,"FED123"
15742,"FED245"
15745,"FED111"
15751,"FED105"
15758,"FED245"
15768,"FED213"
15772,"FED111"
15773,"FED604"
15777,"FED111"
15782,"FED245"
15788,"FED218"
15790,"FED602"
15812,"FED602"
15813,"FED602"
15829,"FED245"
15841,"FED413"
15851,"FED603"
15852,"FED413"
15855,"FED267"
15857,"FED105"
15860,"FED242"
15865,"FED233"
15892,"FED119"
15922,"FED402"
15937,"FED111"
15955,"FED123"
15975,"FED413"
15986,"FED111"
16022,"FED133"
16031,"FED127"
16039,"FED111"
16065,"FED111"
16068,"FED111"
16075,"FED604"
16081,"FED249"
16139,"FED105"
16170,"FED103"
16171,"FED221"
16176,"FED413"
16179,"FED111"
16187,"FED604"
16202,"FED111"
16206,"FED123"
16208,"FED117"
16222,"FED245"
16234,"FED123"
16237,"FED107"
16241,"FED115"
16282,"FED111"
16284,"FED133"
16300,"FED111"
16315,"FED403"
16318,"FED106"
16328,"FED115"
16348,"FED111"
16361,"FED117"
16385,"FED602"
16389,"FED133"
16397,"FED604"
16408,"FED261"
16466,"FED109"
16511,"FED125"
16517,"FED125"
16537,"FED127"
16560,"FED123"
16628,"FED242"
16652,"FED111"
16671,"FED133"
16681,"FED123"
16686,"FED602"
16706,"FED132"
16721,"FED403"
16771,"FED601"
16838,"FED401"
16896,"FED602"
16921,"FED111"
16963,"FED135"
16967,"FED404"
16978,"FED501"
16991,"FED111"
16993,"FED108"
17002,"FED206"
17023,"FED117"
17034,"FED233"
17054,"FED101"
17077,"FED119"
17083,"FED135"
17098,"FED117"
17131,"FED503"
17134,"FED402"
17136,"FED123"
17150,"FED242"
17183,"FED109"
17186,"FED245"
17194,"FED403"
17203,"FED250"
17228,"FED604"
17236,"FED604"
17247,"FED123"
17269,"FED125"
17275,"FED242"
17305,"FED237"
17348,"FED132"
17357,"FED401"
17366,"FED503"
17392,"FED109"
17406,"FED111"
17457,"FED218"
17464,"FED124"
17484,"FED132"
17506,"FED111"
17507,"FED242"
17509,"FED602"
17522,"FED402"
17539,"FED111"
17548,"FED109"
17567,"FED245"
17579,"FED245"
17603,"FED127"
17607,"FED401"
17612,"FED503"
17640,"FED401"
17660,"FED123"
17683,"FED402"
17685,"FED117"
17693,"FED111"
17702,"FED218"
17719,"FED401"
17722,"FED134"
17727,"FED257"
17733,"FED401"
17804,"FED105"
17818,"FED115"
17861,"FED133"
17889,"FED117"
17927,"FED218"
17929,"FED128"
17973,"FED109"
17985,"FED123"
18001,"FED245"
18010,"FED242"
18016,"FED221"
18029,"FED135"
18030,"FED228"
18032,"FED602"
18037,"FED125"
18054,"FED221"
18062,"FED123"
18069,"FED129"
18108,"FED109"
18109,"FED133"
18132,"FED604"
18144,"FED242"
18160,"FED111"
18164,"FED132"
18169,"FED402"
18180,"FED404"
18187,"FED401"
18189,"FED123"
18197,"FED245"
18209,"FED123"
18243,"FED221"
18247,"FED245"
18251,"FED420"
18268,"FED134"
18269,"FED111"
18282,"FED212"
18284,"FED211"
18292,"FED242"
18293,"FED123"
18296,"FED101"
18301,"FED604"
18318,"FED121"
18347,"FED134"
18350,"FED132"
18365,"FED218"
18374,"FED133"
18389,"FED403"
18401,"FED123"
18420,"FED604"
18428,"FED604"
18440,"FED114"
18451,"FED117"
18455,"FED206"
18472,"FED402"
18490,"FED105"
18493,"FED134"
18510,"FED403"
18512,"FED132"
18519,"FED403"
18544,"FED210"
18547,"FED124"
18564,"FED219"
18581,"FED132"
18591,"FED242"
18600,"FED212"
18632,"FED105"
18638,"FED402"
18680,"FED132"
18689,"FED133"
18721,"FED117"
18755,"FED402"
18761,"FED212"
18803,"FED604"
18822,"FED111"
18832,"FED124"
18836,"FED402"
18882,"FED114"
18900,"FED603"
18902,"FED420"
18904,"FED125"
18930,"FED219"
18956,"FED111"
18967,"FED119"
18983,"FED604"
19001,"FED605"
19003,"FED123"
19011,"FED123"
19013,"FED119"
19031,"FED245"
19039,"FED245"
19042,"FED103"
19051,"FED116"
19064,"FED221"
19075,"FED132"
19155,"FED111"
19197,"FED127"
19200,"FED113"
19230,"FED124"
19248,"FED402"
19263,"FED605"
19282,"FED218"
19309,"FED403"
19313,"FED111"
19317,"FED113"
19351,"FED249"
19353,"FED103"
19369,"FED410"
19373,"FED132"
19375,"FED420"
19423,"FED107"
19464,"FED125"
19502,"FED420"
19513,"FED420"
19514,"FED420"
19522,"FED109"
19544,"FED254"
19562,"FED602"
19576,"FED123"
19581,"FED402"
19583,"FED410"
19589,"FED111"
19608,"FED103"
19619,"FED134"
19620,"FED413"
19628,"FED115"
19631,"FED111"
19668,"FED604"
19682,"FED206"
19720,"FED111"
19729,"FED111"
19743,"FED413"
19762,"FED245"
19766,"FED109"
19777,"FED245"
19791,"FED605"
19829,"FED111"
19830,"FED109"
19836,"FED132"
19851,"FED410"
19872,"FED206"
19875,"FED242"
19939,"FED132"
19955,"FED602"
19959,"FED123"
19971,"FED604"
19976,"FED101"
19982,"FED261"
20002,"FED413"
20015,"FED123"
20073,"FED410"
20075,"FED219"
20089,"FED410"
20122,"FED256"
20126,"FED410"
20127,"FED132"
20150,"FED410"
20159,"FED410"
20175,"FED134"
20186,"FED111"
20193,"FED128"
20209,"FED111"
20244,"FED242"
20248,"FED111"
20277,"FED111"
20285,"FED119"
20310,"FED111"
20312,"FED233"
20359,"FED210"
20367,"FED407"
20370,"FED115"
20381,"FED108"
20395,"FED218"
20411,"FED108"
20417,"FED602"
20422,"FED111"
20434,"FED410"
20457,"FED420"
20460,"FED403"
20472,"FED410"
20487,"FED403"
20488,"FED403"
20514,"FED403"
20547,"FED501"
20560,"FED413"
20572,"FED111"
20587,"FED410"
20622,"FED111"
20624,"FED403"
20639,"FED111"
20640,"FED242"
20692,"FED128"
20693,"FED115"
20716,"FED111"
20726,"FED128"
20754,"FED604"
20762,"FED410"
20777,"FED221"
20821,"FED602"
20834,"FED111"
20837,"FED124"
20845,"FED111"
20849,"FED410"
20861,"FED111"
20875,"FED128"
20905,"FED602"
20907,"FED410"
20921,"FED119"
20926,"FED117"
20956,"FED109"
20983,"FED410"
20985,"FED407"
20992,"FED115"
20994,"FED108"
21003,"FED121"
21010,"FED123"
21033,"FED105"
21038,"FED111"
21042,"FED111"
21066,"FED602"
21067,"FED134"
21073,"FED108"
21074,"FED220"
21092,"FED221"
21102,"FED402"
21109,"FED221"
21112,"FED604"
21116,"FED221"
21124,"FED602"
21132,"FED124"
21136,"FED132"
21141,"FED111"
21143,"FED402"
21150,"FED109"
21174,"FED402"
21221,"FED137"
21224,"FED249"
21243,"FED604"
21250,"FED127"
21260,"FED117"
21262,"FED410"
21283,"FED245"
21311,"FED132"
21321,"FED402"
21332,"FED111"
21357,"FED111"
21429,"FED125"
21451,"FED132"
21462,"FED402"
21502,"FED242"
21542,"FED127"
21572,"FED128"
21573,"FED117"
21577,"FED111"
21581,"FED128"
21619,"FED242"
21639,"FED123"
21674,"FED133"
21714,"FED123"
21720,"FED128"
21727,"FED111"
21746,"FED402"
21754,"FED601"
21759,"FED402"
21768,"FED210"
21783,"FED111"
21789,"FED410"
21819,"FED604"
21823,"FED123"
21839,"FED221"
21857,"FED117"
21871,"FED420"
21872,"FED242"
21931,"FED404"
21949,"FED256"
21982,"FED112"
21987,"FED410"
22006,"FED132"
22019,"FED242"
22077,"FED219"
22100,"FED202"
22121,"FED123"
22138,"FED402"
22139,"FED215"
22153,"FED123"
22155,"FED123"
22235,"FED602"
22263,"FED123"
22278,"FED404"
22298,"FED602"
22299,"FED111"
22307,"FED123"
22333,"FED132"
22356,"FED404"
22364,"FED402"
22371,"FED123"
22378,"FED404"
22384,"FED209"
22429,"FED110"
22462,"FED604"
22469,"FED242"
22491,"FED413"
22509,"FED404"
22534,"FED118"
22556,"FED115"
22577,"FED413"
22604,"FED602"
22631,"FED128"
22679,"FED132"
22708,"FED123"
22716,"FED401"
22742,"FED218"
22748,"FED111"
22755,"FED125"
22778,"FED101"
22784,"FED134"
22806,"FED125"
22820,"FED245"
22842,"FED242"
22847,"FED111"
22873,"FED242"
22874,"FED242"
22875,"FED242"
22889,"FED111"
22910,"FED213"
22940,"FED132"
22958,"FED123"
22987,"FED103"
22988,"FED111"
23014,"FED132"
23029,"FED101"
23032,"FED115"
23037,"FED113"
23045,"FED123"
23053,"FED131"
23057,"FED402"
23090,"FED233"
23093,"FED132"
23094,"FED212"
23097,"FED105"
23098,"FED604"
23102,"FED123"
23105,"FED129"
23118,"FED132"
23165,"FED111"
23168,"FED133"
23174,"FED242"
23189,"FED111"
23198,"FED111"
23218,"FED242"
23230,"FED420"
23238,"FED132"
23265,"FED109"
23271,"FED218"
23277,"FED242"
23278,"FED125"
23283,"FED254"
23304,"FED111"
23325,"FED402"
23335,"FED111"
23359,"FED105"
23385,"FED133"
23398,"FED123"
23411,"FED202"
23419,"FED125"
23423,"FED123"
23433,"FED114"
23437,"FED417"
23451,"FED218"
23476,"FED108"
23482,"FED135"
23488,"FED134"
23493,"FED117"
23496,"FED111"
23498,"FED133"
23535,"FED111"
23543,"FED410"
23556,"FED123"
23563,"FED233"
23569,"FED243"
23573,"FED103"
23587,"FED242"
23649,"FED123"
23663,"FED242"
23664,"FED132"
23665,"FED410"
23669,"FED105"
23674,"FED133"
23699,"FED242"
23702,"FED604"
23703,"FED111"
23706,"FED245"
23712,"FED242"
23718,"FED111"
23734,"FED106"
23741,"FED138"
23758,"FED103"
23759,"FED402"
23763,"FED420"
23778,"FED243"
23793,"FED117"
23829,"FED111"
23830,"FED111"
23853,"FED413"
23854,"FED103"
23865,"FED106"
23873,"FED105"
23890,"FED242"
23891,"FED117"
23919,"FED131"
23942,"FED242"
23951,"FED257"
23958,"FED245"
23993,"FED123"
23997,"FED132"
24000,"FED101"
24004,"FED420"
24006,"FED132"
24008,"FED245"
24016,"FED115"
24027,"FED604"
24044,"FED132"
24049,"FED245"
24051,"FED243"
24072,"FED101"
24103,"FED410"
24109,"FED132"
24113,"FED111"
24124,"FED402"
24133,"FED245"
24168,"FED402"
24177,"FED410"
24188,"FED249"
24207,"FED111"
24220,"FED117"
24229,"FED115"
24237,"FED124"
24246,"FED601"
24247,"FED132"
24258,"FED125"
24265,"FED503"
24266,"FED128"
24267,"FED115"
24278,"FED242"
24318,"FED109"
24332,"FED410"
24376,"FED221"
24388,"FED401"
24390,"FED117"
24394,"FED604"
24396,"FED420"
24427,"FED248"
24428,"FED601"
24430,"FED138"
24451,"FED410"
24498,"FED133"
24506,"FED604"
24508,"FED123"
24528,"FED258"
24529,"FED413"
24535,"FED403"
24545,"FED601"
24552,"FED242"
24557,"FED109"
24561,"FED128"
24563,"FED111"
24577,"FED407"
24580,"FED123"
24586,"FED133"
24605,"FED132"
24645,"FED602"
24662,"FED403"
24671,"FED402"
24675,"FED111"
24709,"FED402"
24731,"FED601"
24771,"FED126"
24799,"FED123"
24803,"FED603"
24807,"FED111"
24824,"FED221"
24833,"FED125"
24861,"FED123"
24879,"FED119"
24892,"FED101"
24909,"FED601"
24912,"FED118"
24928,"FED133"
24946,"FED410"
24951,"FED123"
24964,"FED132"
24995,"FED101"
24999,"FED245"
25010,"FED402"
25012,"FED102"
25023,"FED402"
25038,"FED123"
25046,"FED111"
25053,"FED136"
25060,"FED410"
25062,"FED242"
25067,"FED126"
25069,"FED604"
25118,"FED407"
25127,"FED123"
25143,"FED132"
25147,"FED110"
25156,"FED123"
25160,"FED242"
25162,"FED403"
25178,"FED103"
25181,"FED245"
25195,"FED122"
25205,"FED105"
25210,"FED404"
25218,"FED402"
25235,"FED126"
25237,"FED210"
25251,"FED115"
25274,"FED132"
25309,"FED123"
25310,"FED105"
25323,"FED132"
25330,"FED111"
25334,"FED261"
25346,"FED402"
25353,"FED109"
25362,"FED133"
25367,"FED219"
25375,"FED133"
25410,"FED123"
25414,"FED216"
25448,"FED105"
25459,"FED109"
25506,"FED413"
25535,"FED129"
25544,"FED128"
25549,"FED123"
25565,"FED403"
25590,"FED133"
25594,"FED101"
25596,"FED109"
25599,"FED402"
25602,"FED133"
25612,"FED242"
25619,"FED133"
25623,"FED133"
25627,"FED111"
25633,"FED212"
25679,"FED242"
25687,"FED115"
25699,"FED602"
25714,"FED101"
25765,"FED242"
25772,"FED137"
25778,"FED133"
25785,"FED111"
25815,"FED242"
25823,"FED201"
25859,"FED410"
25863,"FED601"
25865,"FED123"
25879,"FED133"
25944,"FED132"
25945,"FED402"
25955,"FED601"
25981,"FED119"
25987,"FED602"
25996,"FED132"
25998,"FED132"
26023,"FED106"
26042,"FED123"
26076,"FED128"
26105,"FED116"
26179,"FED137"
26182,"FED123"
26201,"FED403"
26208,"FED107"
26213,"FED261"
26218,"FED103"
26220,"FED601"
26222,"FED109"
26245,"FED123"
26259,"FED212"
26263,"FED101"
26273,"FED123"
26296,"FED221"
26303,"FED132"
26309,"FED115"
26313,"FED132"
26320,"FED123"
26347,"FED125"
26367,"FED402"
26400,"FED117"
26432,"FED123"
26455,"FED125"
26457,"FED111"
26470,"FED127"
26474,"FED101"
26507,"FED245"
26560,"FED402"
26563,"FED402"
26579,"FED601"
26581,"FED132"
26591,"FED125"
26630,"FED404"
26652,"FED601"
26656,"FED403"
26677,"FED245"
26679,"FED204"
26710,"FED402"
26718,"FED134"
26745,"FED402"
26753,"FED111"
26782,"FED221"
26818,"FED128"
26826,"FED109"
26832,"FED210"
26833,"FED402"
26840,"FED127"
26861,"FED402"
26870,"FED115"
26891,"FED111"
26895,"FED111"
26900,"FED233"
26930,"FED123"
26935,"FED242"
26938,"FED123"
26963,"FED221"
26970,"FED105"
26993,"FED402"
26996,"FED402"
27010,"FED111"
27011,"FED132"
27016,"FED245"
27035,"FED103"
27044,"FED127"
27060,"FED241"
27064,"FED125"
27122,"FED111"
27138,"FED402"
27171,"FED221"
27175,"FED133"
27176,"FED101"
27192,"FED128"
27196,"FED402"
27201,"FED252"
27208,"FED202"
27228,"FED111"
27231,"FED402"
27240,"FED242"
27283,"FED258"
27296,"FED131"
27312,"FED132"
27339,"FED133"
27349,"FED218"
27359,"FED221"
27384,"FED605"
27389,"FED261"
27391,"FED111"
27399,"FED111"
27404,"FED242"
27409,"FED109"
27421,"FED109"
27437,"FED125"
27451,"FED402"
27482,"FED125"
27500,"FED111"
27517,"FED402"
27526,"FED138"
27544,"FED242"
27551,"FED125"
27558,"FED101"
27574,"FED126"
27577,"FED402"
27631,"FED133"
27639,"FED111"
27660,"FED245"
27680,"FED237"
27696,"FED404"
27708,"FED604"
27735,"FED123"
27738,"FED123"
27770,"FED404"
27782,"FED128"
27787,"FED108"
27794,"FED132"
27802,"FED111"
27805,"FED128"
27811,"FED413"
27813,"FED111"
27886,"FED110"
27890,"FED112"
27909,"FED115"
27912,"FED604"
27935,"FED124"
27938,"FED242"
27959,"FED109"
27964,"FED111"
27979,"FED109"
27985,"FED125"
27997,"FED111"
28001,"FED128"
28016,"FED207"
28113,"FED245"
28127,"FED133"
28129,"FED111"
28137,"FED129"
28138,"FED123"
28164,"FED218"
28179,"FED125"
28193,"FED245"
28200,"FED133"
28204,"FED242"
28227,"FED134"
28255,"FED503"
28259,"FED133"
28263,"FED123"
28272,"FED111"
28302,"FED401"
28319,"FED111"
28333,"FED211"
28343,"FED111"
28345,"FED117"
28353,"FED115"
28360,"FED402"
28361,"FED132"
28368,"FED111"
28384,"FED211"
28392,"FED402"
28406,"FED410"
28408,"FED109"
28446,"FED111"
28454,"FED228"
28505,"FED133"
28508,"FED402"
28521,"FED249"
28527,"FED132"
28538,"FED501"
28542,"FED207"
28543,"FED123"
28556,"FED132"
28608,"FED115"
28638,"FED115"
28668,"FED136"
28679,"FED111"
28713,"FED125"
28769,"FED228"
28775,"FED111"
28779,"FED127"
28794,"FED211"
28798,"FED242"
28800,"FED207"
28801,"FED242"
28833,"FED401"
28839,"FED258"
28849,"FED242"
28851,"FED242"
28858,"FED111"
28868,"FED604"
28916,"FED111"
28919,"FED111"
28927,"FED115"
28936,"FED604"
28945,"FED410"
28958,"FED111"
28966,"FED101"
28976,"FED220"
29013,"FED604"
29022,"FED420"
29026,"FED125"
29030,"FED111"
29036,"FED133"
29039,"FED601"
29046,"FED132"
29055,"FED219"
29108,"FED404"
29124,"FED420"
29149,"FED116"
29183,"FED128"
29191,"FED413"
29309,"FED125"
29361,"FED109"
29362,"FED128"
29384,"FED105"
29385,"FED119"
29390,"FED402"
29398,"FED115"
29431,"FED402"
29479,"FED202"
29485,"FED119"
29493,"FED604"
29509,"FED103"
29512,"FED242"
29513,"FED132"
29515,"FED115"
29520,"FED123"
29527,"FED402"
29528,"FED111"
29530,"FED242"
29550,"FED410"
29555,"FED402"
29574,"FED420"
29642,"FED604"
29654,"FED132"
29671,"FED420"
29696,"FED119"
29717,"FED111"
29733,"FED218"
29740,"FED206"
29746,"FED249"
29750,"FED132"
29763,"FED109"
29830,"FED125"
29839,"FED125"
29852,"FED242"
29874,"FED115"
29875,"FED132"
29884,"FED413"
29893,"FED111"
29907,"FED206"
29908,"FED108"
29909,"FED404"
29910,"FED404"
29916,"FED111"
29931,"FED245"
29948,"FED111"
29955,"FED109"
29958,"FED418"
29991,"FED123"
30007,"FED261"
30015,"FED111"
30022,"FED132"
30028,"FED111"
30042,"FED111"
30052,"FED126"
30067,"FED402"
30076,"FED245"
30086,"FED242"
30093,"FED105"
30095,"FED213"
30097,"FED132"
30101,"FED128"
30108,"FED402"
30135,"FED413"
30139,"FED113"
30149,"FED115"
30152,"FED233"
30181,"FED111"
30183,"FED115"
30184,"FED602"
30197,"FED245"
30209,"FED111"
30219,"FED123"
30221,"FED402"
30235,"FED503"
30239,"FED402"
30242,"FED111"
30247,"FED129"
30250,"FED111"
30281,"FED245"
30291,"FED413"
30313,"FED109"
30354,"FED403"
30371,"FED233"
30389,"FED124"
30420,"FED111"
30427,"FED115"
30428,"FED242"
30442,"FED111"
30449,"FED123"
30451,"FED109"
30460,"FED134"
30468,"FED252"
30498,"FED103"
30504,"FED206"
30510,"FED121"
30514,"FED105"
30552,"FED245"
30555,"FED103"
30563,"FED413"
30585,"FED128"
30648,"FED221"
30650,"FED602"
30659,"FED105"
30670,"FED109"
30696,"FED111"
30698,"FED101"
30705,"FED111"
30711,"FED117"
30813,"FED402"
30846,"FED256"
30919,"FED111"
30944,"FED220"
30956,"FED242"
30962,"FED132"
30965,"FED111"
30979,"FED402"
31016,"FED420"
31027,"FED101"
31045,"FED132"
31101,"FED128"
31119,"FED249"
31137,"FED111"
31156,"FED111"
31173,"FED266"
31186,"FED402"
31196,"FED111"
31200,"FED602"
31203,"FED601"
31217,"FED111"
31231,"FED221"
31273,"FED106"
31275,"FED602"
31279,"FED123"
31284,"FED107"
31291,"FED128"
31319,"FED119"
31337,"FED134"
31338,"FED132"
31385,"FED108"
31387,"FED111"
31392,"FED101"
31395,"FED249"
31399,"FED111"
31420,"FED233"
31449,"FED123"
31450,"FED103"
31454,"FED105"
31466,"FED254"
31468,"FED604"
31481,"FED123"
31487,"FED206"
31502,"FED123"
31506,"FED402"
31512,"FED105"
31515,"FED133"
31521,"FED402"
31524,"FED111"
31546,"FED105"
31574,"FED413"
31582,"FED115"
31594,"FED123"
31607,"FED402"
31620,"FED242"
31624,"FED111"
31651,"FED250"
31743,"FED242"
31770,"FED245"
31788,"FED242"
31789,"FED106"
31796,"FED209"
31802,"FED402"
31817,"FED413"
31835,"FED115"
31855,"FED413"
31862,"FED402"
31885,"FED111"
31890,"FED123"
31912,"FED402"
31918,"FED605"
31939,"FED245"
31944,"FED125"
31945,"FED206"
31972,"FED123"
31975,"FED245"
31990,"FED109"
31996,"FED111"
32006,"FED125"
32025,"FED111"
32026,"FED129"
32053,"FED115"
32058,"FED111"
32066,"FED604"
32080,"FED403"
32099,"FED133"
32124,"FED109"
32187,"FED602"
32189,"FED124"
32202,"FED221"
32245,"FED101"
32247,"FED124"
32259,"FED111"
32262,"FED111"
32289,"FED222"
32302,"FED109"
32339,"FED245"
32361,"FED242"
32402,"FED123"
32407,"FED402"
32419,"FED123"
32437,"FED108"
32454,"FED111"
32476,"FED604"
32507,"FED402"
32523,"FED111"
32529,"FED410"
32530,"FED401"
32544,"FED115"
32553,"FED604"
32566,"FED133"
32596,"FED413"
32598,"FED123"
32609,"FED403"
32612,"FED110"
32616,"FED123"
32621,"FED604"
32628,"FED102"
32633,"FED402"
32674,"FED221"
32679,"FED124"
32680,"FED242"
32682,"FED410"
32714,"FED133"
32717,"FED134"
32789,"FED115"
32803,"FED129"
32809,"FED134"
32813,"FED261"
32814,"FED117"
32817,"FED111"
32819,"FED111"
32826,"FED501"
32883,"FED119"
32895,"FED133"
32913,"FED201"
32915,"FED134"
32938,"FED111"
32943,"FED133"
32946,"FED125"
32967,"FED121"
32969,"FED402"
32978,"FED410"
32993,"FED111"
33013,"FED211"
33037,"FED133"
33054,"FED111"
33062,"FED115"
33064,"FED111"
33074,"FED121"
33075,"FED125"
33090,"FED135"
33094,"FED123"
33096,"FED133"
33104,"FED258"
33109,"FED402"
33115,"FED417"
33130,"FED134"
33135,"FED111"
33148,"FED242"
33152,"FED417"
33157,"FED221"
33170,"FED105"
33174,"FED115"
33188,"FED242"
33197,"FED404"
33201,"FED106"
33215,"FED128"
33218,"FED103"
33227,"FED242"
33236,"FED402"
33237,"FED603"
33240,"FED109"
33247,"FED111"
33262,"FED132"
33264,"FED123"
33266,"FED211"
33284,"FED111"
33285,"FED410"
33287,"FED125"
33292,"FED129"
33311,"FED218"
33313,"FED604"
33317,"FED103"
33326,"FED402"
33327,"FED111"
33372,"FED402"
33388,"FED105"
33390,"FED135"
33392,"FED111"
33394,"FED401"
33399,"FED402"
33400,"FED111"
33403,"FED125"
33440,"FED258"
33446,"FED102"
33450,"FED602"
33465,"FED121"
33471,"FED402"
33477,"FED121"
33484,"FED405"
33486,"FED124"
33488,"FED254"
33513,"FED261"
33515,"FED604"
33523,"FED122"
33525,"FED217"
33527,"FED134"
33530,"FED410"
33538,"FED136"
33564,"FED604"
33572,"FED601"
33579,"FED258"
33582,"FED401"
33611,"FED108"
33626,"FED402"
33634,"FED258"
33652,"FED402"
33668,"FED410"
33672,"FED117"
33684,"FED413"
33691,"FED125"
33706,"FED117"
33710,"FED211"
33719,"FED402"
33723,"FED252"
33760,"FED402"
33761,"FED108"
33765,"FED249"
33776,"FED402"
33781,"FED121"
33803,"FED211"
33805,"FED123"
33827,"FED249"
33830,"FED249"
33849,"FED111"
33858,"FED132"
33860,"FED135"
33874,"FED126"
33893,"FED402"
33894,"FED401"
33908,"FED410"
33911,"FED111"
33917,"FED105"
33919,"FED121"
33952,"FED111"
34000,"FED402"
34009,"FED124"
34014,"FED402"
34032,"FED202"
34087,"FED604"
34091,"FED133"
34103,"FED111"
34112,"FED410"
34114,"FED132"
34131,"FED401"
34139,"FED124"
34146,"FED133"
34147,"FED113"
34164,"FED401"
34177,"FED109"
34205,"FED109"
34208,"FED404"
34213,"FED604"
34224,"FED211"
34247,"FED133"
34260,"FED133"
34288,"FED111"
34299,"FED123"
34300,"FED402"
34302,"FED603"
34322,"FED132"
34333,"FED209"
34336,"FED125"
34353,"FED402"
34406,"FED211"
34409,"FED123"
34413,"FED404"
34444,"FED133"
34453,"FED115"
34462,"FED249"
34501,"FED402"
34515,"FED404"
34530,"FED211"
34536,"FED242"
34573,"FED402"
34587,"FED413"
34609,"FED242"
34637,"FED602"
34641,"FED134"
34647,"FED261"
34681,"FED129"
34694,"FED133"
34695,"FED129"
34699,"FED401"
34707,"FED410"
34712,"FED132"
34742,"FED402"
34759,"FED111"
34770,"FED402"
34775,"FED133"
34777,"FED119"
34782,"FED111"
34789,"FED115"
34801,"FED219"
34827,"FED109"
34832,"FED402"
34858,"FED111"
34863,"FED121"
34864,"FED401"
34901,"FED108"
34902,"FED605"
34906,"FED402"
34914,"FED245"
34920,"FED604"
34928,"FED242"
34939,"FED124"
34943,"FED125"
34964,"FED115"
34973,"FED102"
34986,"FED404"
34992,"FED111"
34994,"FED111"
35007,"FED111"
35023,"FED117"
35028,"FED111"
35030,"FED261"
35047,"FED605"
35066,"FED124"
35072,"FED111"
35080,"FED242"
35083,"FED109"
35130,"FED219"
35136,"FED218"
35142,"FED111"
35155,"FED404"
35156,"FED109"
35180,"FED133"
35182,"FED221"
35186,"FED109"
35195,"FED111"
35202,"FED242"
35204,"FED111"
35208,"FED206"
35248,"FED209"
35271,"FED111"
35281,"FED132"
35296,"FED241"
35323,"FED111"
35326,"FED111"
35358,"FED111"
35363,"FED127"
35365,"FED241"
35370,"FED216"
35452,"FED109"
35453,"FED216"
35486,"FED245"
35495,"FED102"
35497,"FED119"
35510,"FED403"
35527,"FED107"
35531,"FED402"
35544,"FED109"
35574,"FED604"
35582,"FED245"
35583,"FED114"
35586,"FED245"
35634,"FED604"
35641,"FED125"
35684,"FED605"
35694,"FED402"
35711,"FED503"
35716,"FED401"
35720,"FED128"
35743,"FED115"
35759,"FED115"
35763,"FED245"
35793,"FED111"
35838,"FED111"
35861,"FED123"
35884,"FED242"
35888,"FED125"
35900,"FED402"
35910,"FED420"
35919,"FED132"
35926,"FED105"
35947,"FED133"
35952,"FED123"
35957,"FED604"
35968,"FED132"
35973,"FED111"
35983,"FED111"
36000,"FED111"
36014,"FED604"
36038,"FED209"
36064,"FED401"
36070,"FED111"
36115,"FED403"
36124,"FED111"
36143,"FED245"
36150,"FED101"
36152,"FED111"
36177,"FED109"
36210,"FED213"
36218,"FED111"
36222,"FED107"
36244,"FED123"
36274,"FED125"
36319,"FED111"
36320,"FED128"
36322,"FED124"
36325,"FED105"
36326,"FED119"
36348,"FED413"
36353,"FED402"
36394,"FED109"
36470,"FED111"
36471,"FED233"
36473,"FED111"
36492,"FED602"
36499,"FED402"
36512,"FED123"
36531,"FED218"
36548,"FED245"
36559,"FED134"
36599,"FED101"
36602,"FED121"
36640,"FED123"
36662,"FED134"
36724,"FED402"
36735,"FED402"
36738,"FED134"
36756,"FED410"
36762,"FED242"
36766,"FED402"
36782,"FED206"
36786,"FED105"
36822,"FED249"
36836,"FED111"
36841,"FED115"
36853,"FED124"
36863,"FED115"
36873,"FED105"
36899,"FED233"
36905,"FED123"
36920,"FED132"
36963,"FED101"
36967,"FED111"
36982,"FED413"
36997,"FED218"
36998,"FED109"
36999,"FED119"
37037,"FED111"
37039,"FED201"
37041,"FED111"
37051,"FED102"
37052,"FED604"
37053,"FED242"
37070,"FED105"
37089,"FED245"
37112,"FED123"
37114,"FED402"
37128,"FED413"
37199,"FED103"
37212,"FED413"
37214,"FED206"
37217,"FED401"
37239,"FED124"
37248,"FED402"
37296,"FED413"
37314,"FED119"
37326,"FED105"
37360,"FED109"
37370,"FED245"
37390,"FED111"
37395,"FED117"
37403,"FED111"
37406,"FED123"
37420,"FED105"
37422,"FED109"
37427,"FED209"
37429,"FED117"
37436,"FED211"
37461,"FED105"
37465,"FED109"
37469,"FED134"
37476,"FED117"
37479,"FED125"
37485,"FED403"
37504,"FED113"
37506,"FED257"
37514,"FED111"
37516,"FED604"
37523,"FED111"
37525,"FED136"
37527,"FED105"
37545,"FED132"
37546,"FED123"
37552,"FED245"
37577,"FED135"
37581,"FED101"
37587,"FED403"
37593,"FED111"
37598,"FED410"
37600,"FED103"
37609,"FED413"
37619,"FED410"
37624,"FED402"
37644,"FED413"
37647,"FED111"
37648,"FED413"
37652,"FED105"
37653,"FED117"
37661,"FED135"
37676,"FED402"
37694,"FED111"
37697,"FED134"
37714,"FED111"
37716,"FED413"
37719,"FED111"
37727,"FED242"
37729,"FED134"
37731,"FED604"
37734,"FED218"
37754,"FED119"
37785,"FED420"
37789,"FED413"
37814,"FED604"
37816,"FED202"
37822,"FED103"
37856,"FED123"
37862,"FED242"
37903,"FED111"
37931,"FED123"
37947,"FED242"
37948,"FED503"
37984,"FED242"
37999,"FED132"
38024,"FED111"
38028,"FED111"
38048,"FED258"
38049,"FED111"
38060,"FED108"
38076,"FED111"
38078,"FED605"
38085,"FED111"
38125,"FED109"
38137,"FED124"
38144,"FED111"
38148,"FED137"
38194,"FED101"
38199,"FED132"
38239,"FED602"
38264,"FED133"
38268,"FED132"
38278,"FED117"
38308,"FED123"
38350,"FED602"
38357,"FED404"
38359,"FED264"
38364,"FED101"
38371,"FED602"
38388,"FED413"
38424,"FED403"
38426,"FED103"
38431,"FED117"
38453,"FED249"
38467,"FED111"
38479,"FED111"
38485,"FED115"
38487,"FED413"
38501,"FED602"
38518,"FED245"
38520,"FED101"
38575,"FED420"
38591,"FED105"
38597,"FED132"
38643,"FED407"
38665,"FED111"
38668,"FED111"
38701,"FED602"
38708,"FED111"
38709,"FED604"
38710,"FED111"
38712,"FED103"
38718,"FED201"
38734,"FED132"
38741,"FED219"
38758,"FED202"
38763,"FED254"
38783,"FED602"
38787,"FED111"
38822,"FED101"
38867,"FED413"
38874,"FED402"
38881,"FED115"
38906,"FED111"
38935,"FED111"
38961,"FED101"
38976,"FED107"
39013,"FED129"
39022,"FED128"
39037,"FED221"
39043,"FED604"
39051,"FED111"
39054,"FED123"
39056,"FED132"
39074,"FED413"
39080,"FED111"
39083,"FED413"
39112,"FED105"
39115,"FED128"
39133,"FED103"
39147,"FED129"
39153,"FED129"
39155,"FED503"
39177,"FED254"
39183,"FED123"
39212,"FED111"
39228,"FED132"
39234,"FED601"
39246,"FED115"
39248,"FED132"
39276,"FED503"
39291,"FED119"
39292,"FED245"
39374,"FED111"
39394,"FED111"
39412,"FED128"
39414,"FED401"
39454,"FED245"
39455,"FED218"
39469,"FED402"
39471,"FED109"
39473,"FED219"
39475,"FED123"
39481,"FED218"
39482,"FED101"
39489,"FED101"
39502,"FED115"
39516,"FED125"
39524,"FED101"
39534,"FED407"
39535,"FED266"
39540,"FED124"
39545,"FED601"
39551,"FED501"
39565,"FED124"
39572,"FED124"
39575,"FED402"
39576,"FED132"
39584,"FED209"
39595,"FED413"
39601,"FED221"
39640,"FED111"
39641,"FED242"
39647,"FED119"
39671,"FED420"
39702,"FED237"
39753,"FED124"
39773,"FED109"
39781,"FED218"
39792,"FED602"
39803,"FED111"
39805,"FED103"
39813,"FED111"
39826,"FED602"
39828,"FED109"
39838,"FED123"
39854,"FED219"
39879,"FED219"
39900,"FED111"
39924,"FED403"
39925,"FED111"
39932,"FED117"
39945,"FED266"
39948,"FED113"
39973,"FED111"
40001,"FED245"
40011,"FED110"
40023,"FED111"
40048,"FED413"
40049,"FED119"
40062,"FED111"
40079,"FED111"
40119,"FED136"
40123,"FED403"
40158,"FED133"
40161,"FED105"
40179,"FED111"
40194,"FED109"
40234,"FED413"
40237,"FED413"
40256,"FED115"
40324,"FED245"
40378,"FED109"
40380,"FED129"
40388,"FED135"
40395,"FED103"
40404,"FED209"
40412,"FED402"
40418,"FED111"
40448,"FED124"
40463,"FED403"
40465,"FED111"
40478,"FED105"
40479,"FED105"
40494,"FED123"
40495,"FED111"
40510,"FED111"
40514,"FED403"
40533,"FED111"
40567,"FED133"
40584,"FED402"
40606,"FED245"
40615,"FED123"
40633,"FED604"
40634,"FED111"
40635,"FED403"
40651,"FED103"
40672,"FED209"
40687,"FED403"
40693,"FED218"
40699,"FED133"
40701,"FED420"
40714,"FED123"
40718,"FED123"
40739,"FED402"
40742,"FED109"
40747,"FED114"
40748,"FED108"
40768,"FED402"
40780,"FED133"
40792,"FED109"
40797,"FED132"
40801,"FED113"
40803,"FED134"
40832,"FED413"
40842,"FED133"
40881,"FED245"
40883,"FED132"
40886,"FED115"
40907,"FED115"
40912,"FED133"
40928,"FED102"
40941,"FED111"
40953,"FED403"
40957,"FED604"
40969,"FED114"
40985,"FED117"
41033,"FED603"
41064,"FED242"
41071,"FED245"
41077,"FED117"
41114,"FED413"
41118,"FED402"
41131,"FED111"
41140,"FED132"
41150,"FED413"
41156,"FED256"
41165,"FED125"
41168,"FED403"
41173,"FED602"
41174,"FED114"
41176,"FED111"
41185,"FED206"
41193,"FED103"
41232,"FED218"
41255,"FED132"
41265,"FED249"
41267,"FED413"
41274,"FED402"
41295,"FED123"
41299,"FED117"
41318,"FED111"
41348,"FED132"
41365,"FED245"
41375,"FED111"
41380,"FED413"
41382,"FED132"
41409,"FED233"
41410,"FED245"
41427,"FED245"
41428,"FED605"
41439,"FED125"
41440,"FED124"
41457,"FED111"
41480,"FED604"
41530,"FED133"
41561,"FED114"
41564,"FED111"
41572,"FED402"
41576,"FED218"
41609,"FED221"
41620,"FED119"
41631,"FED209"
41633,"FED402"
41637,"FED242"
41644,"FED111"
41690,"FED604"
41705,"FED420"
41728,"FED245"
41738,"FED123"
41740,"FED132"
41742,"FED109"
41748,"FED242"
41756,"FED105"
41761,"FED413"
41769,"FED605"
41774,"FED209"
41791,"FED109"
41800,"FED133"
41820,"FED407"
41827,"FED401"
41828,"FED123"
41840,"FED123"
41845,"FED209"
41860,"FED133"
41873,"FED604"
41877,"FED133"
41886,"FED105"
41890,"FED117"
41910,"FED105"
41922,"FED420"
41943,"FED420"
41976,"FED123"
41983,"FED111"
41988,"FED105"
42012,"FED410"
42032,"FED111"
42040,"FED413"
42041,"FED117"
42048,"FED101"
42059,"FED101"
42077,"FED233"
42083,"FED245"
42101,"FED413"
42102,"FED133"
42124,"FED245"
42137,"FED132"
42142,"FED245"
42144,"FED242"
42148,"FED245"
42179,"FED123"
42180,"FED402"
42181,"FED111"
42190,"FED101"
42200,"FED125"
42201,"FED123"
42236,"FED604"
42243,"FED123"
42259,"FED245"
42272,"FED134"
42279,"FED107"
42303,"FED601"
42305,"FED602"
42327,"FED124"
42338,"FED418"
42344,"FED602"
42346,"FED111"
42351,"FED105"
42372,"FED111"
42394,"FED105"
42398,"FED237"
42399,"FED111"
42451,"FED103"
42465,"FED133"
42478,"FED202"
42482,"FED210"
42490,"FED601"
42492,"FED604"
42547,"FED134"
42575,"FED111"
42576,"FED105"
42580,"FED132"
42585,"FED111"
42589,"FED221"
42597,"FED602"
42601,"FED111"
42609,"FED105"
42615,"FED101"
42628,"FED108"
42634,"FED108"
42637,"FED245"
42661,"FED111"
42676,"FED601"
42681,"FED218"
42696,"FED101"
42697,"FED111"
42700,"FED602"
42722,"FED105"
42726,"FED101"
42735,"FED111"
42746,"FED125"
42749,"FED105"
42809,"FED105"
42815,"FED133"
42819,"FED115"
42821,"FED119"
42843,"FED602"
42925,"FED420"
42928,"FED109"
42937,"FED111"
42955,"FED233"
42981,"FED105"
43042,"FED101"
43043,"FED111"
43046,"FED105"
43052,"FED111"
43057,"FED103"
43058,"FED111"
43063,"FED218"
43119,"FED105"
43124,"FED218"
43142,"FED125"
43145,"FED111"
43165,"FED105"
43167,"FED111"
43174,"FED245"
43179,"FED206"
43189,"FED114"
43191,"FED111"
43203,"FED109"
43222,"FED219"
43241,"FED111"
43256,"FED105"
43258,"FED111"
43264,"FED420"
43269,"FED129"
43272,"FED124"
43302,"FED123"
43305,"FED604"
43308,"FED602"
43326,"FED105"
43347,"FED113"
43354,"FED132"
43365,"FED602"
43409,"FED111"
43416,"FED105"
43420,"FED242"
43423,"FED115"
43437,"FED111"
43438,"FED109"
43449,"FED413"
43451,"FED111"
43471,"FED402"
43477,"FED105"
43478,"FED111"
43482,"FED111"
43493,"FED602"
43495,"FED237"
43499,"FED109"
43511,"FED117"
43520,"FED242"
43526,"FED111"
43528,"FED111"
43553,"FED261"
43564,"FED402"
43579,"FED402"
43588,"FED242"
43601,"FED115"
43602,"FED103"
43605,"FED201"
43625,"FED125"
43645,"FED108"
43654,"FED124"
43657,"FED108"
43671,"FED102"
43686,"FED221"
43687,"FED115"
43700,"FED115"
43722,"FED221"
43737,"FED111"
43761,"FED111"
43805,"FED111"
43806,"FED109"
43813,"FED245"
43818,"FED402"
43922,"FED402"
43953,"FED109"
43977,"FED245"
43989,"FED402"
43994,"FED402"
43999,"FED420"
44001,"FED111"
44009,"FED132"
44012,"FED402"
44027,"FED402"
44028,"FED402"
44045,"FED604"
44050,"FED119"
44054,"FED111"
44058,"FED128"
44082,"FED111"
44093,"FED401"
44113,"FED111"
44118,"FED402"
44120,"FED101"
44139,"FED137"
44151,"FED109"
44152,"FED233"
44163,"FED128"
44166,"FED111"
44185,"FED402"
44207,"FED245"
44242,"FED103"
44266,"FED202"
44280,"FED245"
44311,"FED403"
44314,"FED602"
44325,"FED107"
44334,"FED132"
44343,"FED402"
44437,"FED125"
44494,"FED210"
44517,"FED410"
44537,"FED111"
44540,"FED403"
44544,"FED503"
44553,"FED107"
44554,"FED125"
44557,"FED413"
44559,"FED111"
44562,"FED407"
44566,"FED103"
44570,"FED125"
44580,"FED403"
44586,"FED115"
44632,"FED102"
44639,"FED132"
44640,"FED123"
44644,"FED601"
44687,"FED111"
44688,"FED102"
44722,"FED403"
44750,"FED132"
44753,"FED403"
44771,"FED123"
44798,"FED102"
44805,"FED202"
44857,"FED102"
44889,"FED132"
44919,"FED109"
45028,"FED115"
45089,"FED245"
45096,"FED123"
45110,"FED108"
45129,"FED110"
45145,"FED108"
45154,"FED125"
45157,"FED134"
45179,"FED113"
45188,"FED245"
45208,"FED134"
45229,"FED111"
45238,"FED111"
45249,"FED245"
45266,"FED101"
45292,"FED125"
45317,"FED134"
45322,"FED111"
45351,"FED111"
45363,"FED604"
45368,"FED111"
45376,"FED245"
45424,"FED111"
45440,"FED101"
45457,"FED111"
45467,"FED111"
45473,"FED604"
45479,"FED242"
45504,"FED242"
45505,"FED404"
45512,"FED103"
45518,"FED245"
45522,"FED108"
45560,"FED114"
45563,"FED242"
45581,"FED245"
45582,"FED132"
45617,"FED245"
45618,"FED420"
45623,"FED123"
45654,"FED420"
45666,"FED242"
45674,"FED249"
45679,"FED108"
45682,"FED602"
45683,"FED125"
45754,"FED117"
45757,"FED221"
45787,"FED111"
45790,"FED242"
45795,"FED242"
45807,"FED129"
45813,"FED413"
45816,"FED125"
45818,"FED111"
45855,"FED134"
45889,"FED123"
45902,"FED117"
45906,"FED218"
45908,"FED111"
45917,"FED209"
45920,"FED123"
45933,"FED111"
45970,"FED127"
45974,"FED135"
46050,"FED212"
46092,"FED242"
46103,"FED403"
46146,"FED218"
46151,"FED242"
46211,"FED123"
46230,"FED111"
46253,"FED245"
46271,"FED604"
46279,"FED124"
46311,"FED102"
46351,"FED123"
46369,"FED111"
46372,"FED601"
46377,"FED111"
46383,"FED604"
46403,"FED111"
46407,"FED417"
46427,"FED242"
46447,"FED222"
46452,"FED115"
46466,"FED119"
46489,"FED261"
46491,"FED402"
46528,"FED123"
46533,"FED109"
46537,"FED601"
46541,"FED125"
46548,"FED221"
46597,"FED129"
46617,"FED403"
46622,"FED125"
46650,"FED123"
46691,"FED111"
46694,"FED115"
46708,"FED102"
46715,"FED402"
46728,"FED111"
46734,"FED602"
46782,"FED221"
46786,"FED420"
46788,"FED111"
46824,"FED103"
46842,"FED123"
46868,"FED111"
46880,"FED111"
46885,"FED402"
46888,"FED401"
46890,"FED402"
46939,"FED201"
46953,"FED402"
46963,"FED123"
47006,"FED402"
47016,"FED124"
47020,"FED604"
47030,"FED249"
47049,"FED111"
47053,"FED413"
47080,"FED245"
47082,"FED251"
47121,"FED111"
47165,"FED123"
47212,"FED204"
47249,"FED133"
47281,"FED252"
47297,"FED403"
47315,"FED111"
47329,"FED601"
47338,"FED101"
47361,"FED111"
47392,"FED402"
47407,"FED221"
47418,"FED135"
47423,"FED108"
47439,"FED107"
47483,"FED402"
47495,"FED129"
47509,"FED201"
47514,"FED123"
47520,"FED105"
47522,"FED403"
47566,"FED417"
47602,"FED132"
47638,"FED115"
47641,"FED604"
47653,"FED133"
47671,"FED111"
47676,"FED115"
47688,"FED108"
47693,"FED221"
47704,"FED127"
47709,"FED245"
47713,"FED245"
47718,"FED111"
47732,"FED124"
47743,"FED109"
47764,"FED402"
47781,"FED111"
47792,"FED111"
47797,"FED417"
47809,"FED111"
47828,"FED403"
47836,"FED111"
47907,"FED119"
47916,"FED111"
47935,"FED125"
47947,"FED209"
48041,"FED111"
48043,"FED105"
48064,"FED109"
48072,"FED128"
48090,"FED111"
48116,"FED132"
48129,"FED403"
48139,"FED111"
48140,"FED128"
48141,"FED111"
48142,"FED602"
48144,"FED401"
48157,"FED402"
48180,"FED111"
48193,"FED111"
48220,"FED133"
48233,"FED117"
48236,"FED111"
48253,"FED107"
48277,"FED101"
48306,"FED210"
48317,"FED111"
48326,"FED119"
48363,"FED403"
48376,"FED218"
48401,"FED403"
48414,"FED127"
48431,"FED128"
48439,"FED123"
48441,"FED402"
48504,"FED124"
48523,"FED245"
48548,"FED111"
48559,"FED109"
48586,"FED413"
48593,"FED111"
48613,"FED123"
48624,"FED402"
48634,"FED204"
48635,"FED219"
48639,"FED413"
48659,"FED403"
48667,"FED117"
48674,"FED132"
48693,"FED111"
48700,"FED420"
48713,"FED403"
48721,"FED111"
48772,"FED135"
48776,"FED123"
48800,"FED242"
48826,"FED604"
48836,"FED111"
48841,"FED111"
48850,"FED111"
48862,"FED103"
48873,"FED106"
48876,"FED111"
48933,"FED113"
48936,"FED245"
48938,"FED242"
48955,"FED111"
48962,"FED119"
48968,"FED126"
49010,"FED115"
49029,"FED403"
49059,"FED242"
49074,"FED413"
49108,"FED109"
49111,"FED111"
49137,"FED213"
49182,"FED111"
49187,"FED111"
49195,"FED111"
49197,"FED242"
49216,"FED403"
49223,"FED111"
49227,"FED117"
49235,"FED132"
49247,"FED125"
49250,"FED413"
49282,"FED219"
49288,"FED111"
49296,"FED123"
49304,"FED420"
49324,"FED134"
49367,"FED123"
49374,"FED132"
49416,"FED123"
49474,"FED501"
49496,"FED105"
49536,"FED123"
49546,"FED211"
49553,"FED233"
49591,"FED111"
49606,"FED111"
49609,"FED125"
49611,"FED604"
49632,"FED124"
49641,"FED202"
49707,"FED403"
49732,"FED503"
49736,"FED127"
49752,"FED109"
49763,"FED221"
49799,"FED111"
49825,"FED123"
49871,"FED132"
49873,"FED119"
49875,"FED105"
49888,"FED221"
49905,"FED604"
49906,"FED111"
49917,"FED602"
49927,"FED111"
49949,"FED101"
49954,"FED111"
49966,"FED111"
49968,"FED111"
49982,"FED109"
49983,"FED117"
49986,"FED111"
50003,"FED123"
50014,"FED413"
50053,"FED109"
50088,"FED106"
50094,"FED233"
50096,"FED123"
50105,"FED115"
50115,"FED245"
50143,"FED115"
50157,"FED106"
50170,"FED109"
50171,"FED123"
50174,"FED245"
50214,"FED103"
50216,"FED219"
50229,"FED115"
50236,"FED125"
50244,"FED134"
50250,"FED101"
50252,"FED417"
50270,"FED417"
50278,"FED119"
50327,"FED245"
50354,"FED109"
50371,"FED413"
50372,"FED111"
50375,"FED111"
50387,"FED218"
50393,"FED209"
50396,"FED242"
50403,"FED125"
50431,"FED602"
50460,"FED403"
50466,"FED233"
50475,"FED501"
50514,"FED111"
50524,"FED103"
50529,"FED134"
50563,"FED111"
50634,"FED217"
50647,"FED109"
50648,"FED402"
50649,"FED109"
50655,"FED109"
50668,"FED402"
50711,"FED115"
50714,"FED129"
50730,"FED111"
50734,"FED111"
50741,"FED111"
50798,"FED132"
50801,"FED402"
50810,"FED111"
50821,"FED111"
50843,"FED124"
50855,"FED111"
50878,"FED111"
50924,"FED116"
50928,"FED133"
50973,"FED115"
50981,"FED420"
51004,"FED117"
51013,"FED129"
51021,"FED111"
51033,"FED212"
51041,"FED413"
51044,"FED111"
51074,"FED111"
51092,"FED210"
51118,"FED115"
51156,"FED602"
51191,"FED413"
51223,"FED111"
51284,"FED413"
51291,"FED109"
51292,"FED105"
51304,"FED114"
51316,"FED242"
51338,"FED212"
51349,"FED132"
51351,"FED111"
51410,"FED101"
51444,"FED413"
51502,"FED124"
51503,"FED254"
51519,"FED604"
51525,"FED111"
51545,"FED111"
51611,"FED111"
51614,"FED111"
51640,"FED101"
51644,"FED402"
51665,"FED117"
51702,"FED602"
51761,"FED402"
51766,"FED256"
51768,"FED245"
51835,"FED245"
51845,"FED605"
51853,"FED111"
51859,"FED105"
51864,"FED604"
51881,"FED266"
51891,"FED111"
51894,"FED111"
51906,"FED127"
51915,"FED245"
51922,"FED111"
51926,"FED402"
51944,"FED413"
51957,"FED111"
51971,"FED204"
51982,"FED111"
51996,"FED124"
52014,"FED209"
52030,"FED402"
52043,"FED410"
52049,"FED403"
52052,"FED123"
52055,"FED132"
52059,"FED413"
52063,"FED602"
52075,"FED221"
52081,"FED111"
52121,"FED111"
52127,"FED123"
52136,"FED132"
52167,"FED417"
52168,"FED111"
52189,"FED124"
52207,"FED123"
52213,"FED601"
52225,"FED420"
52226,"FED111"
52265,"FED135"
52287,"FED402"
52293,"FED111"
52318,"FED111"
52336,"FED125"
52381,"FED123"
52390,"FED101"
52417,"FED134"
52437,"FED127"
52460,"FED123"
52474,"FED111"
52487,"FED603"
52493,"FED123"
52496,"FED103"
52531,"FED106"
52544,"FED602"
52560,"FED254"
52569,"FED132"
52614,"FED122"
52633,"FED117"
52642,"FED123"
52654,"FED138"
52658,"FED105"
52665,"FED111"
52674,"FED413"
52681,"FED202"
52687,"FED604"
52705,"FED602"
52707,"FED115"
52713,"FED602"
52714,"FED602"
52749,"FED602"
52753,"FED602"
52761,"FED119"
52762,"FED124"
52775,"FED413"
52790,"FED417"
52876,"FED111"
52877,"FED125"
52879,"FED123"
52886,"FED105"
52899,"FED129"
52919,"FED402"
52931,"FED111"
52943,"FED132"
52946,"FED261"
52951,"FED129"
52980,"FED245"
52988,"FED602"
53009,"FED111"
53028,"FED134"
53030,"FED132"
53036,"FED111"
53066,"FED105"
53086,"FED403"
53118,"FED132"
53127,"FED109"
53134,"FED403"
53147,"FED127"
53154,"FED209"
53160,"FED105"
53186,"FED602"
53188,"FED602"
53191,"FED108"
53199,"FED111"
53215,"FED111"
53239,"FED602"
53276,"FED129"
53287,"FED221"
53289,"FED128"
53321,"FED110"
53400,"FED413"
53460,"FED212"
53464,"FED111"
53552,"FED111"
53570,"FED111"
53587,"FED258"
53590,"FED108"
53615,"FED105"
53620,"FED123"
53625,"FED111"
53627,"FED123"
53636,"FED242"
53666,"FED111"
53681,"FED111"
53693,"FED602"
53732,"FED123"
53735,"FED132"
53759,"FED111"
53762,"FED125"
53833,"FED604"
53836,"FED602"
53838,"FED101"
53839,"FED402"
53858,"FED221"
53859,"FED249"
53863,"FED413"
53903,"FED103"
53907,"FED123"
53913,"FED111"
53922,"FED115"
54000,"FED111"
54001,"FED603"
54014,"FED101"
54049,"FED602"
54056,"FED420"
54091,"FED602"
54130,"FED111"
54131,"FED124"
54143,"FED111"
54144,"FED222"
54201,"FED403"
54219,"FED111"
54266,"FED111"
54285,"FED420"
54293,"FED111"
54321,"FED402"
54326,"FED111"
54329,"FED117"
54333,"FED111"
54356,"FED101"
54375,"FED604"
54404,"FED123"
54429,"FED413"
54462,"FED125"
54463,"FED111"
54477,"FED602"
54485,"FED111"
54487,"FED407"
54492,"FED123"
54558,"FED242"
54572,"FED115"
54582,"FED218"
54595,"FED404"
54597,"FED111"
54600,"FED119"
54601,"FED125"
54608,"FED132"
54699,"FED403"
54702,"FED111"
54704,"FED245"
54741,"FED417"
54756,"FED417"
54770,"FED111"
54775,"FED218"
54792,"FED111"
54794,"FED242"
54798,"FED402"
54827,"FED133"
54837,"FED105"
54840,"FED123"
54889,"FED402"
54895,"FED260"
54936,"FED402"
54947,"FED245"
54969,"FED114"
54971,"FED115"
54976,"FED115"
54992,"FED132"
55002,"FED219"
55044,"FED221"
55050,"FED111"
55051,"FED602"
55058,"FED103"
55063,"FED103"
55093,"FED115"
55101,"FED503"
55104,"FED403"
55128,"FED410"
55129,"FED242"
55157,"FED125"
55159,"FED111"
55183,"FED105"
55193,"FED109"
55211,"FED124"
55225,"FED111"
55239,"FED256"
55243,"FED202"
55291,"FED256"
55315,"FED212"
55328,"FED111"
55348,"FED402"
55357,"FED125"
55365,"FED602"
55409,"FED403"
55411,"FED602"
55428,"FED123"
55442,"FED132"
55444,"FED123"
55498,"FED112"
55499,"FED403"
55536,"FED242"
55539,"FED212"
55586,"FED111"
55640,"FED604"
55652,"FED111"
55662,"FED123"
55690,"FED249"
55721,"FED245"
55763,"FED125"
55791,"FED111"
55800,"FED109"
55832,"FED109"
55870,"FED111"
55882,"FED111"
55889,"FED109"
55898,"FED127"
55901,"FED111"
55909,"FED103"
55928,"FED109"
55955,"FED111"
55990,"FED402"
56012,"FED404"
56014,"FED602"
56026,"FED604"
56033,"FED132"
56035,"FED109"
56066,"FED233"
56086,"FED111"
56092,"FED119"
56146,"FED115"
56153,"FED129"
56225,"FED105"
56228,"FED413"
56234,"FED245"
56248,"FED105"
56251,"FED112"
56302,"FED601"
56353,"FED403"
56363,"FED109"
56374,"FED101"
56383,"FED604"
56399,"FED111"
56441,"FED109"
56478,"FED209"
56487,"FED103"
56516,"FED212"
56533,"FED111"
56534,"FED123"
56543,"FED267"
56546,"FED110"
56571,"FED115"
56596,"FED110"
56603,"FED407"
56748,"FED123"
56749,"FED111"
56753,"FED604"
56759,"FED111"
56821,"FED124"
56829,"FED402"
56856,"FED111"
56860,"FED111"
56866,"FED133"
56954,"FED404"
56963,"FED129"
56986,"FED111"
57032,"FED111"
57039,"FED413"
57060,"FED111"
57087,"FED602"
57088,"FED413"
57110,"FED602"
57114,"FED111"
57135,"FED111"
57136,"FED132"
57137,"FED128"
57148,"FED245"
57149,"FED602"
57169,"FED245"
57184,"FED413"
57210,"FED126"
57269,"FED117"
57278,"FED135"
57286,"FED211"
57329,"FED604"
57340,"FED117"
57346,"FED111"
57366,"FED117"
57384,"FED123"
57433,"FED123"
57438,"FED202"
57445,"FED111"
57457,"FED111"
57488,"FED604"
57504,"FED103"
57520,"FED111"
57545,"FED111"
57605,"FED601"
57624,"FED119"
57681,"FED245"
57719,"FED403"
57742,"FED115"
57747,"FED111"
57761,"FED220"
57772,"FED105"
57796,"FED403"
57817,"FED115"
57822,"FED132"
57837,"FED125"
57847,"FED115"
57859,"FED111"
57866,"FED105"
57873,"FED105"
57901,"FED129"
57912,"FED111"
57917,"FED111"
57923,"FED109"
57947,"FED115"
58003,"FED132"
58041,"FED403"
58049,"FED604"
58066,"FED111"
58075,"FED129"
58079,"FED226"
58085,"FED111"
58104,"FED109"
58120,"FED245"
58128,"FED111"
58129,"FED407"
58148,"FED210"
58149,"FED111"
58184,"FED111"
58187,"FED111"
58202,"FED115"
58236,"FED111"
58242,"FED209"
58246,"FED410"
58247,"FED233"
58266,"FED115"
58335,"FED413"
58339,"FED108"
58350,"FED245"
58360,"FED242"
58361,"FED101"
58364,"FED601"
58371,"FED119"
58410,"FED115"
58418,"FED604"
58437,"FED604"
58440,"FED413"
58445,"FED133"
58452,"FED132"
58468,"FED101"
58484,"FED132"
58512,"FED413"
58542,"FED111"
58543,"FED218"
58545,"FED134"
58549,"FED413"
58552,"FED111"
58554,"FED123"
58573,"FED111"
58599,"FED245"
58603,"FED123"
58611,"FED117"
58631,"FED109"
58691,"FED413"
58712,"FED115"
58718,"FED123"
58723,"FED111"
58728,"FED133"
58733,"FED212"
58734,"FED604"
58754,"FED115"
58757,"FED413"
58770,"FED605"
58780,"FED111"
58781,"FED101"
58818,"FED109"
58819,"FED420"
58873,"FED413"
58875,"FED604"
58879,"FED242"
58882,"FED413"
58897,"FED111"
58905,"FED221"
58907,"FED115"
58910,"FED105"
58911,"FED119"
58915,"FED206"
58925,"FED413"
58926,"FED111"
58977,"FED133"
58984,"FED119"
58997,"FED401"
59002,"FED413"
59015,"FED261"
59026,"FED413"
59027,"FED109"
59028,"FED111"
59035,"FED413"
59058,"FED123"
59067,"FED133"
59086,"FED503"
59105,"FED106"
59128,"FED258"
59139,"FED413"
59152,"FED413"
59163,"FED125"
59173,"FED413"
59179,"FED211"
59180,"FED242"
59270,"FED109"
59279,"FED133"
59286,"FED206"
59302,"FED115"
59304,"FED249"
59317,"FED402"
59322,"FED218"
59326,"FED241"
59332,"FED604"
59334,"FED119"
59338,"FED137"
59343,"FED132"
59348,"FED249"
59372,"FED101"
59387,"FED125"
59402,"FED111"
59418,"FED218"
59422,"FED413"
59426,"FED133"
59460,"FED254"
59481,"FED420"
59500,"FED132"
59504,"FED503"
59516,"FED131"
59557,"FED123"
59565,"FED132"
59569,"FED404"
59571,"FED132"
59573,"FED132"
59581,"FED601"
59584,"FED604"
59587,"FED132"
59600,"FED604"
59608,"FED605"
59642,"FED242"
59651,"FED115"
59699,"FED132"
59702,"FED241"
59711,"FED604"
59716,"FED219"
59729,"FED109"
59754,"FED413"
59771,"FED254"
59787,"FED241"
59801,"FED123"
59832,"FED605"
59836,"FED115"
59837,"FED402"
59848,"FED115"
59856,"FED115"
59858,"FED111"
59875,"FED413"
59890,"FED420"
59898,"FED133"
59910,"FED111"
59914,"FED402"
59926,"FED404"
59941,"FED107"
59946,"FED109"
59951,"FED105"
59959,"FED105"
59963,"FED111"
59968,"FED133"
59969,"FED109"
59977,"FED402"
59999,"FED219"
60019,"FED111"
60075,"FED132"
60076,"FED401"
60080,"FED132"
60084,"FED109"
60095,"FED132"
60133,"FED604"
60134,"FED134"
60161,"FED119"
60174,"FED111"
60175,"FED243"
60179,"FED132"
60199,"FED252"
60202,"FED109"
60219,"FED133"
60229,"FED123"
60243,"FED602"
60246,"FED410"
60254,"FED410"
60260,"FED125"
60279,"FED111"
60286,"FED216"
60287,"FED109"
60288,"FED132"
60304,"FED204"
60324,"FED241"
60331,"FED241"
60336,"FED245"
60341,"FED132"
60384,"FED133"
60393,"FED123"
60410,"FED133"
60434,"FED126"
60454,"FED402"
60458,"FED402"
60464,"FED108"
60472,"FED133"
60474,"FED107"
60481,"FED125"
60483,"FED410"
60489,"FED101"
60500,"FED105"
60520,"FED117"
60530,"FED111"
60534,"FED413"
60542,"FED245"
60543,"FED242"
60551,"FED132"
60559,"FED205"
60563,"FED127"
60584,"FED242"
60603,"FED132"
60621,"FED111"
60630,"FED249"
60631,"FED123"
60641,"FED218"
60653,"FED218"
60663,"FED111"
60683,"FED133"
60709,"FED134"
60724,"FED111"
60748,"FED211"
60759,"FED245"
60764,"FED413"
60770,"FED101"
60775,"FED218"
60796,"FED132"
60807,"FED402"
60809,"FED242"
60823,"FED410"
60825,"FED218"
60845,"FED402"
60872,"FED123"
60884,"FED604"
60885,"FED242"
60906,"FED245"
60932,"FED113"
60937,"FED402"
60944,"FED123"
60948,"FED134"
60950,"FED111"
60982,"FED401"
60983,"FED401"
61029,"FED109"
61062,"FED132"
61084,"FED413"
61106,"FED245"
61120,"FED109"
61142,"FED213"
61170,"FED123"
61176,"FED212"
61206,"FED503"
61217,"FED135"
61220,"FED111"
61221,"FED108"
61241,"FED109"
61243,"FED133"
61246,"FED117"
61255,"FED402"
61275,"FED132"
61280,"FED125"
61287,"FED204"
61297,"FED132"
61309,"FED119"
61352,"FED402"
61353,"FED407"
61389,"FED105"
61430,"FED111"
61435,"FED218"
61451,"FED413"
61459,"FED133"
61468,"FED105"
61499,"FED602"
61511,"FED113"
61516,"FED604"
61532,"FED125"
61542,"FED132"
61575,"FED123"
61579,"FED125"
61603,"FED115"
61609,"FED103"
61615,"FED111"
61650,"FED242"
61653,"FED410"
61662,"FED119"
61665,"FED132"
61668,"FED410"
61684,"FED115"
61729,"FED403"
61736,"FED218"
61742,"FED402"
61755,"FED123"
61760,"FED111"
61771,"FED403"
61818,"FED256"
61822,"FED402"
61835,"FED111"
61842,"FED111"
61855,"FED123"
61862,"FED125"
61871,"FED132"
61878,"FED113"
61906,"FED118"
61908,"FED133"
61934,"FED111"
61946,"FED111"
61972,"FED113"
61979,"FED105"
61984,"FED109"
61993,"FED119"
62006,"FED605"
62022,"FED123"
62025,"FED604"
62049,"FED105"
62050,"FED113"
62060,"FED132"
62068,"FED410"
62072,"FED115"
62113,"FED125"
62115,"FED115"
62127,"FED113"
62130,"FED111"
62132,"FED105"
62138,"FED111"
62163,"FED115"
62169,"FED111"
62184,"FED213"
62185,"FED123"
62190,"FED115"
62194,"FED222"
62205,"FED111"
62211,"FED117"
62213,"FED134"
62219,"FED111"
62224,"FED250"
62245,"FED602"
62264,"FED125"
62274,"FED125"
62277,"FED125"
62303,"FED503"
62332,"FED109"
62339,"FED111"
62359,"FED132"
62386,"FED111"
62398,"FED111"
62403,"FED111"
62449,"FED210"
62456,"FED125"
62473,"FED105"
62474,"FED123"
62496,"FED111"
62499,"FED221"
62533,"FED111"
62539,"FED111"
62564,"FED245"
62601,"FED111"
62609,"FED258"
62611,"FED136"
62612,"FED243"
62621,"FED403"
62635,"FED219"
62656,"FED212"
62664,"FED403"
62681,"FED109"
62682,"FED245"
62707,"FED402"
62715,"FED123"
62726,"FED115"
62728,"FED119"
62761,"FED219"
62765,"FED111"
62766,"FED107"
62776,"FED403"
62780,"FED210"
62821,"FED123"
62826,"FED125"
62831,"FED102"
62834,"FED101"
62839,"FED135"
62841,"FED121"
62867,"FED242"
62883,"FED243"
62892,"FED111"
62949,"FED111"
62992,"FED410"
63015,"FED132"
63017,"FED402"
63027,"FED134"
63055,"FED222"
63063,"FED410"
63089,"FED109"
63107,"FED403"
63111,"FED132"
63133,"FED101"
63146,"FED109"
63151,"FED115"
63177,"FED604"
63191,"FED111"
63219,"FED111"
63220,"FED410"
63257,"FED109"
63269,"FED129"
63279,"FED109"
63293,"FED220"
63314,"FED403"
63329,"FED111"
63336,"FED105"
63350,"FED125"
63353,"FED103"
63384,"FED105"
63402,"FED109"
63460,"FED249"
63480,"FED402"
63495,"FED243"
63526,"FED135"
63527,"FED402"
63559,"FED213"
63569,"FED219"
63589,"FED132"
63595,"FED105"
63615,"FED125"
63649,"FED111"
63659,"FED233"
63668,"FED402"
63704,"FED123"
63705,"FED111"
63710,"FED111"
63805,"FED111"
63808,"FED128"
63848,"FED213"
63853,"FED401"
63950,"FED111"
63959,"FED402"
63969,"FED212"
63990,"FED105"
64004,"FED402"
64021,"FED404"
64027,"FED402"
64028,"FED132"
64044,"FED111"
64089,"FED125"
64125,"FED109"
64136,"FED132"
64149,"FED204"
64178,"FED111"
64183,"FED126"
64187,"FED111"
64188,"FED221"
64206,"FED119"
64214,"FED403"
64229,"FED402"
64234,"FED402"
64243,"FED402"
64252,"FED105"
64262,"FED121"
64293,"FED206"
64306,"FED111"
64325,"FED233"
64338,"FED111"
64348,"FED111"
64366,"FED111"
64389,"FED111"
64428,"FED109"
64449,"FED133"
64453,"FED402"
64462,"FED123"
64463,"FED111"
64499,"FED206"
64505,"FED211"
64516,"FED115"
64517,"FED413"
64525,"FED209"
64531,"FED402"
64544,"FED254"
64546,"FED413"
64572,"FED403"
64627,"FED401"
64680,"FED102"
64692,"FED111"
64704,"FED604"
64730,"FED110"
64731,"FED109"
64751,"FED211"
64757,"FED245"
64785,"FED242"
64809,"FED109"
64823,"FED105"
64826,"FED111"
64834,"FED111"
64837,"FED410"
64872,"FED133"
64885,"FED103"
64901,"FED604"
64915,"FED413"
64918,"FED132"
64928,"FED245"
64959,"FED105"
64973,"FED132"
64987,"FED242"
64994,"FED602"
65020,"FED119"
65021,"FED123"
65029,"FED129"
65050,"FED205"
65062,"FED410"
65063,"FED111"
65156,"FED602"
65179,"FED202"
65189,"FED111"
65198,"FED123"
65202,"FED111"
65223,"FED111"
65224,"FED402"
65229,"FED109"
65230,"FED111"
65243,"FED111"
65251,"FED113"
65273,"FED128"
65279,"FED111"
65301,"FED102"
65334,"FED115"
65339,"FED132"
65361,"FED248"
65405,"FED119"
65413,"FED221"
65420,"FED604"
65437,"FED111"
65461,"FED111"
65463,"FED211"
65465,"FED103"
65467,"FED108"
65506,"FED115"
65521,"FED118"
65522,"FED221"
65528,"FED132"
65571,"FED132"
65572,"FED404"
65577,"FED258"
65581,"FED105"
65588,"FED415"
65591,"FED107"
65636,"FED111"
65640,"FED402"
65644,"FED119"
65648,"FED109"
65657,"FED601"
65661,"FED258"
65668,"FED113"
65675,"FED404"
65680,"FED128"
65687,"FED123"
65707,"FED129"
65713,"FED111"
65748,"FED602"
65750,"FED218"
65756,"FED111"
65823,"FED218"
65827,"FED111"
65861,"FED503"
65875,"FED401"
65882,"FED123"
65887,"FED105"
65888,"FED221"
65899,"FED125"
65900,"FED604"
65901,"FED402"
65923,"FED105"
65985,"FED128"
65988,"FED404"
65989,"FED402"
65994,"FED123"
66003,"FED125"
66019,"FED242"
66040,"FED132"
66057,"FED602"
66092,"FED107"
66097,"FED111"
66099,"FED119"
66107,"FED123"
66119,"FED413"
66164,"FED602"
66194,"FED129"
66226,"FED132"
66233,"FED115"
66239,"FED111"
66262,"FED129"
66274,"FED105"
66318,"FED128"
66320,"FED111"
66333,"FED128"
66368,"FED242"
66375,"FED602"
66387,"FED242"
66389,"FED123"
66403,"FED111"
66406,"FED218"
66426,"FED602"
66429,"FED402"
66435,"FED402"
66444,"FED123"
66451,"FED123"
66454,"FED245"
66469,"FED101"
66482,"FED261"
66501,"FED117"
66502,"FED218"
66511,"FED115"
66513,"FED132"
66516,"FED109"
66525,"FED111"
66549,"FED111"
66552,"FED258"
66567,"FED604"
66573,"FED123"
66600,"FED105"
66609,"FED105"
66616,"FED101"
66619,"FED402"
66622,"FED604"
66623,"FED221"
66628,"FED132"
66634,"FED115"
66703,"FED123"
66719,"FED129"
66731,"FED233"
66768,"FED111"
66798,"FED206"
66802,"FED402"
66813,"FED111"
66817,"FED105"
66829,"FED132"
66840,"FED132"
66843,"FED105"
66855,"FED602"
66889,"FED132"
66892,"FED132"
66927,"FED242"
66936,"FED404"
66949,"FED123"
66983,"FED123"
66991,"FED132"
67025,"FED604"
67028,"FED107"
67032,"FED111"
67041,"FED103"
67067,"FED602"
67068,"FED402"
67074,"FED401"
67086,"FED128"
67093,"FED402"
67099,"FED245"
67112,"FED413"
67131,"FED124"
67159,"FED119"
67165,"FED125"
67166,"FED402"
67182,"FED110"
67184,"FED103"
67197,"FED404"
67202,"FED221"
67207,"FED401"
67221,"FED105"
67246,"FED111"
67266,"FED604"
67272,"FED206"
67285,"FED105"
67297,"FED602"
67308,"FED132"
67323,"FED123"
67341,"FED111"
67342,"FED111"
67348,"FED132"
67368,"FED201"
67408,"FED111"
67418,"FED126"
67450,"FED115"
67463,"FED125"
67465,"FED117"
67470,"FED242"
67489,"FED604"
67502,"FED114"
67543,"FED242"
67619,"FED115"
67633,"FED124"
67650,"FED402"
67656,"FED115"
67678,"FED233"
67684,"FED111"
67701,"FED604"
67735,"FED123"
67743,"FED404"
67753,"FED403"
67764,"FED101"
67851,"FED134"
67855,"FED111"
67887,"FED134"
67902,"FED111"
67911,"FED125"
67920,"FED402"
67976,"FED111"
67995,"FED132"
68010,"FED123"
68012,"FED111"
68024,"FED133"
68031,"FED404"
68034,"FED115"
68047,"FED109"
68066,"FED111"
68068,"FED111"
68079,"FED123"
68086,"FED117"
68087,"FED134"
68098,"FED604"
68118,"FED109"
68119,"FED123"
68125,"FED111"
68159,"FED413"
68177,"FED402"
68221,"FED111"
68284,"FED126"
68291,"FED107"
68310,"FED604"
68319,"FED101"
68327,"FED111"
68330,"FED123"
68339,"FED211"
68347,"FED402"
68368,"FED402"
68400,"FED113"
68426,"FED115"
68456,"FED119"
68482,"FED233"
68488,"FED111"
68515,"FED101"
68528,"FED111"
68580,"FED125"
68590,"FED403"
68603,"FED103"
68626,"FED242"
68661,"FED105"
68669,"FED402"
68677,"FED218"
68695,"FED410"
68731,"FED105"
68740,"FED108"
68741,"FED123"
68745,"FED245"
68763,"FED105"
68768,"FED108"
68796,"FED604"
68804,"FED245"
68807,"FED101"
68809,"FED124"
68815,"FED245"
68853,"FED101"
68861,"FED264"
68862,"FED132"
68891,"FED401"
68903,"FED602"
68915,"FED136"
68923,"FED404"
68927,"FED218"
68930,"FED221"
69001,"FED604"
69008,"FED115"
69028,"FED109"
69075,"FED242"
69080,"FED115"
69087,"FED109"
69130,"FED111"
69168,"FED134"
69173,"FED404"
69176,"FED124"
69192,"FED134"
69208,"FED101"
69218,"FED602"
69223,"FED117"
69238,"FED402"
69271,"FED111"
69291,"FED123"
69293,"FED129"
69296,"FED602"
69344,"FED402"
69381,"FED129"
69394,"FED211"
69395,"FED111"
69409,"FED213"
69438,"FED402"
69444,"FED131"
69452,"FED266"
69456,"FED105"
69470,"FED266"
69471,"FED121"
69484,"FED404"
69494,"FED245"
69496,"FED218"
69503,"FED245"
69514,"FED245"
69520,"FED117"
69523,"FED410"
69531,"FED121"
69540,"FED402"
69583,"FED407"
69584,"FED121"
69585,"FED604"
69605,"FED127"
69608,"FED420"
69614,"FED501"
69615,"FED115"
69624,"FED218"
69629,"FED123"
69645,"FED401"
69659,"FED123"
69663,"FED108"
69666,"FED117"
69669,"FED133"
69683,"FED103"
69700,"FED401"
69706,"FED233"
69708,"FED109"
69709,"FED501"
69714,"FED402"
69725,"FED402"
69736,"FED245"
69738,"FED111"
69764,"FED121"
69789,"FED402"
69797,"FED245"
69824,"FED121"
69832,"FED121"
69837,"FED403"
69840,"FED211"
69844,"FED121"
69857,"FED401"
69867,"FED604"
69925,"FED402"
69948,"FED242"
69961,"FED218"
69962,"FED211"
69994,"FED115"
69997,"FED121"
70000,"FED121"
70008,"FED121"
70012,"FED121"
70018,"FED127"
70020,"FED243"
70029,"FED135"
70049,"FED222"
70063,"FED123"
70065,"FED111"
70074,"FED106"
70079,"FED121"
70107,"FED258"
70119,"FED121"
70133,"FED258"
70149,"FED420"
70161,"FED125"
70164,"FED249"
70181,"FED135"
70186,"FED604"
70218,"FED105"
70220,"FED135"
70229,"FED258"
70255,"FED245"
70260,"FED202"
70264,"FED410"
70273,"FED105"
70290,"FED121"
70293,"FED122"
70330,"FED402"
70334,"FED218"
70360,"FED109"
70361,"FED413"
70363,"FED127"
70366,"FED124"
70399,"FED111"
70407,"FED401"
70423,"FED258"
70440,"FED123"
70444,"FED124"
70447,"FED125"
70448,"FED134"
70452,"FED403"
70470,"FED123"
70517,"FED111"
70525,"FED111"
70540,"FED121"
70544,"FED123"
70598,"FED102"
70623,"FED121"
70632,"FED261"
70645,"FED403"
70671,"FED413"
70674,"FED604"
70678,"FED401"
70709,"FED115"
70714,"FED602"
70718,"FED121"
70738,"FED258"
70757,"FED413"
70764,"FED602"
70771,"FED602"
70791,"FED123"
70805,"FED121"
70809,"FED111"
70819,"FED115"
70822,"FED121"
70831,"FED401"
70868,"FED121"
70869,"FED111"
70887,"FED115"
70899,"FED125"
70906,"FED121"
70908,"FED134"
70913,"FED135"
70918,"FED125"
70940,"FED132"
70941,"FED111"
70950,"FED131"
70984,"FED123"
70996,"FED108"
71047,"FED123"
71051,"FED123"
71070,"FED204"
71082,"FED132"
71098,"FED103"
71110,"FED121"
71112,"FED242"
71120,"FED119"
71139,"FED202"
71164,"FED401"
71166,"FED245"
71188,"FED410"
71193,"FED124"
71215,"FED132"
71226,"FED242"
71227,"FED111"
71232,"FED109"
71257,"FED261"
71263,"FED402"
71288,"FED245"
71306,"FED103"
71326,"FED125"
71365,"FED132"
71367,"FED110"
71391,"FED601"
71415,"FED103"
71421,"FED128"
71496,"FED202"
71595,"FED602"
71596,"FED603"
71630,"FED123"
71682,"FED602"
71695,"FED101"
71696,"FED118"
71702,"FED132"
71719,"FED601"
71722,"FED111"
71745,"FED601"
71779,"FED123"
71788,"FED123"
71833,"FED420"
71866,"FED111"
71912,"FED243"
71920,"FED123"
71943,"FED111"
71965,"FED108"
71975,"FED119"
71988,"FED132"
72017,"FED115"
72041,"FED123"
72244,"FED254"
72309,"FED109"
72325,"FED602"
72342,"FED604"
72392,"FED132"
72406,"FED220"
72432,"FED138"
72440,"FED125"
72447,"FED109"
72476,"FED125"
72512,"FED111"
72524,"FED242"
72573,"FED404"
72588,"FED108"
72600,"FED127"
72612,"FED123"
72643,"FED123"
72666,"FED128"
72719,"FED221"
72807,"FED503"
72808,"FED601"
72834,"FED119"
72857,"FED252"
72877,"FED125"
72928,"FED257"
72932,"FED221"
72957,"FED123"
73002,"FED221"
73003,"FED123"
73022,"FED222"
73045,"FED204"
73072,"FED221"
73088,"FED129"
73108,"FED221"
73118,"FED123"
73147,"FED132"
73156,"FED202"
73172,"FED124"
73181,"FED123"
73186,"FED119"
73201,"FED122"
73218,"FED111"
73222,"FED233"
73237,"FED134"
73238,"FED410"
73272,"FED602"
73297,"FED123"
73309,"FED132"
73315,"FED132"
73329,"FED123"
73356,"FED418"
73357,"FED123"
73367,"FED601"
73386,"FED604"
73464,"FED132"
73492,"FED124"
73494,"FED134"
73523,"FED245"
73626,"FED602"
73635,"FED111"
73662,"FED410"
73676,"FED111"
73680,"FED410"
73690,"FED111"
73692,"FED119"
73707,"FED134"
73724,"FED123"
73725,"FED413"
73748,"FED111"
73764,"FED128"
73808,"FED132"
73828,"FED410"
73896,"FED222"
73904,"FED132"
73941,"FED123"
73951,"FED128"
73974,"FED135"
74011,"FED204"
74025,"FED402"
74029,"FED245"
74050,"FED103"
74082,"FED123"
74085,"FED117"
74096,"FED134"
74125,"FED123"
74138,"FED123"
74152,"FED125"
74200,"FED204"
74202,"FED132"
74207,"FED111"
74249,"FED125"
74250,"FED410"
74273,"FED402"
74280,"FED413"
74295,"FED119"
74316,"FED410"
74333,"FED212"
74350,"FED501"
74415,"FED123"
74428,"FED221"
74434,"FED123"
74439,"FED264"
74454,"FED132"
74475,"FED132"
74490,"FED602"
74511,"FED219"
74516,"FED109"
74537,"FED123"
74538,"FED111"
74539,"FED108"
74556,"FED602"
74616,"FED115"
74638,"FED254"
74684,"FED111"
74717,"FED234"
74737,"FED242"
74746,"FED103"
74753,"FED105"
74778,"FED103"
74808,"FED123"
74826,"FED109"
74854,"FED245"
74875,"FED123"
74877,"FED101"
74903,"FED109"
74911,"FED221"
74914,"FED101"
74945,"FED115"
74950,"FED133"
74969,"FED402"
74970,"FED111"
75022,"FED136"
75028,"FED113"
75058,"FED604"
75106,"FED111"
75107,"FED111"
75146,"FED123"
75166,"FED125"
75172,"FED407"
75173,"FED111"
75191,"FED109"
75193,"FED125"
75230,"FED402"
75246,"FED245"
75284,"FED135"
75285,"FED252"
75345,"FED115"
75362,"FED119"
75396,"FED219"
75422,"FED123"
75457,"FED109"
75461,"FED103"
75476,"FED267"
75486,"FED115"
75510,"FED111"
75533,"FED123"
75538,"FED111"
75545,"FED123"
75563,"FED111"
75588,"FED123"
75599,"FED401"
75601,"FED111"
75671,"FED407"
75679,"FED111"
75681,"FED108"
75694,"FED115"
75770,"FED111"
75781,"FED420"
75798,"FED101"
75800,"FED115"
75802,"FED105"
75803,"FED111"
75840,"FED601"
75847,"FED132"
75855,"FED103"
75878,"FED105"
75882,"FED206"
75892,"FED407"
75912,"FED420"
75933,"FED133"
75934,"FED135"
75937,"FED132"
75950,"FED407"
75961,"FED111"
75965,"FED242"
75970,"FED111"
76007,"FED123"
76037,"FED123"
76051,"FED402"
76059,"FED105"
76063,"FED219"
76106,"FED119"
76139,"FED106"
76169,"FED105"
76229,"FED133"
76259,"FED125"
76260,"FED132"
76272,"FED128"
76280,"FED604"
76311,"FED256"
76312,"FED603"
76338,"FED101"
76353,"FED113"
76360,"FED123"
76382,"FED242"
76399,"FED111"
76462,"FED119"
76471,"FED132"
76486,"FED119"
76506,"FED604"
76508,"FED128"
76574,"FED407"
76592,"FED125"
76611,"FED218"
76625,"FED124"
76627,"FED111"
76629,"FED109"
76633,"FED266"
76648,"FED111"
76650,"FED125"
76708,"FED125"
76713,"FED132"
76733,"FED115"
76748,"FED115"
76774,"FED402"
76775,"FED125"
76791,"FED604"
76804,"FED124"
76813,"FED604"
76829,"FED117"
76843,"FED101"
76846,"FED407"
76847,"FED242"
76852,"FED402"
76873,"FED410"
76893,"FED245"
76915,"FED242"
76959,"FED402"
76969,"FED410"
76992,"FED245"
77016,"FED111"
77043,"FED115"
77065,"FED132"
77091,"FED403"
77095,"FED132"
77096,"FED604"
77111,"FED245"
77121,"FED129"
77134,"FED413"
77159,"FED403"
77210,"FED111"
77211,"FED101"
77223,"FED117"
77228,"FED123"
77235,"FED101"
77267,"FED132"
77311,"FED254"
77314,"FED109"
77322,"FED122"
77330,"FED108"
77332,"FED242"
77340,"FED601"
77348,"FED118"
77354,"FED117"
77367,"FED242"
77370,"FED123"
77396,"FED109"
77411,"FED243"
77414,"FED109"
77421,"FED134"
77445,"FED132"
77452,"FED134"
77453,"FED245"
77587,"FED129"
77662,"FED404"
77708,"FED212"
77729,"FED117"
77761,"FED111"
77763,"FED117"
77766,"FED111"
77773,"FED111"
77783,"FED245"
77814,"FED210"
77820,"FED233"
77827,"FED221"
77831,"FED119"
77862,"FED101"
77871,"FED109"
77877,"FED242"
77890,"FED117"
77911,"FED221"
77928,"FED407"
77934,"FED402"
77938,"FED109"
77973,"FED123"
78011,"FED109"
78016,"FED206"
78034,"FED134"
78035,"FED218"
78085,"FED115"
78105,"FED124"
78111,"FED125"
78119,"FED134"
78178,"FED115"
78188,"FED124"
78206,"FED103"
78218,"FED105"
78228,"FED111"
78257,"FED403"
78268,"FED111"
78287,"FED243"
78288,"FED111"
78323,"FED503"
78338,"FED604"
78347,"FED111"
78361,"FED113"
78363,"FED123"
78432,"FED123"
78439,"FED133"
78445,"FED123"
78459,"FED111"
78478,"FED123"
78506,"FED117"
78533,"FED123"
78567,"FED404"
78571,"FED219"
78615,"FED242"
78642,"FED123"
78663,"FED123"
78665,"FED218"
78677,"FED242"
78701,"FED105"
78715,"FED242"
78717,"FED103"
78729,"FED602"
78734,"FED604"
78743,"FED115"
78745,"FED109"
78752,"FED402"
78776,"FED405"
78810,"FED123"
78813,"FED123"
78822,"FED123"
78824,"FED111"
78853,"FED109"
78861,"FED602"
78863,"FED105"
78866,"FED123"
78873,"FED129"
78944,"FED602"
78951,"FED128"
78954,"FED109"
78957,"FED602"
78973,"FED113"
78974,"FED604"
78987,"FED402"
79001,"FED125"
79003,"FED123"
79017,"FED413"
79018,"FED109"
79020,"FED218"
79024,"FED128"
79043,"FED123"
79091,"FED123"
79098,"FED115"
79111,"FED402"
79119,"FED101"
79123,"FED111"
79132,"FED125"
79133,"FED127"
79145,"FED111"
79171,"FED111"
79185,"FED123"
79194,"FED218"
79195,"FED111"
79201,"FED111"
79234,"FED402"
79255,"FED129"
79259,"FED402"
79277,"FED111"
79289,"FED132"
79297,"FED132"
79346,"FED125"
79356,"FED123"
79357,"FED101"
79380,"FED202"
79389,"FED420"
79398,"FED245"
79419,"FED132"
79421,"FED402"
79427,"FED402"
79436,"FED101"
79447,"FED133"
79466,"FED258"
79467,"FED111"
79478,"FED403"
79484,"FED403"
79491,"FED111"
79518,"FED601"
79543,"FED132"
79546,"FED402"
79565,"FED132"
79574,"FED132"
79581,"FED245"
79583,"FED254"
79587,"FED204"
79608,"FED602"
79631,"FED134"
79675,"FED114"
79693,"FED111"
79745,"FED132"
79762,"FED123"
79778,"FED221"
79810,"FED218"
79820,"FED124"
79833,"FED123"
79834,"FED133"
79848,"FED218"
79852,"FED111"
79866,"FED413"
79874,"FED111"
79898,"FED127"
79906,"FED402"
79909,"FED402"
79923,"FED111"
79924,"FED111"
79953,"FED105"
80010,"FED134"
80023,"FED111"
80026,"FED403"
80027,"FED123"
80035,"FED113"
80048,"FED115"
80055,"FED245"
80058,"FED405"
80083,"FED402"
80084,"FED256"
80090,"FED249"
80128,"FED125"
80140,"FED132"
80162,"FED401"
80171,"FED133"
80216,"FED111"
80218,"FED114"
80223,"FED103"
80224,"FED111"
80241,"FED111"
80249,"FED123"
80259,"FED132"
80262,"FED132"
80264,"FED132"
80279,"FED132"
80296,"FED125"
80304,"FED245"
80308,"FED133"
80313,"FED134"
80321,"FED125"
80334,"FED402"
80337,"FED129"
80359,"FED132"
80425,"FED604"
80450,"FED123"
80460,"FED413"
80464,"FED103"
80479,"FED109"
80513,"FED129"
80516,"FED402"
80523,"FED132"
80544,"FED402"
80567,"FED402"
80576,"FED601"
80577,"FED218"
80592,"FED123"
80599,"FED111"
80610,"FED402"
80643,"FED132"
80660,"FED125"
80664,"FED403"
80678,"FED118"
80679,"FED407"
80684,"FED402"
80689,"FED132"
80690,"FED407"
80701,"FED123"
80712,"FED132"
80726,"FED604"
80732,"FED111"
80733,"FED202"
80735,"FED123"
80764,"FED245"
80806,"FED601"
80809,"FED402"
80821,"FED402"
80832,"FED237"
80852,"FED117"
80903,"FED402"
80914,"FED115"
80937,"FED115"
80950,"FED604"
80962,"FED115"
80969,"FED111"
80987,"FED402"
81051,"FED111"
81142,"FED124"
81153,"FED242"
81161,"FED254"
81175,"FED123"
81192,"FED111"
81227,"FED242"
81243,"FED218"
81246,"FED105"
81257,"FED115"
81262,"FED402"
81293,"FED101"
81294,"FED111"
81306,"FED123"
81309,"FED242"
81321,"FED402"
81359,"FED245"
81362,"FED402"
81364,"FED136"
81414,"FED604"
81418,"FED109"
81425,"FED245"
81464,"FED119"
81479,"FED115"
81499,"FED503"
81500,"FED123"
81516,"FED604"
81525,"FED403"
81554,"FED413"
81565,"FED604"
81581,"FED117"
81597,"FED604"
81602,"FED111"
81626,"FED123"
81636,"FED101"
81665,"FED132"
81671,"FED402"
81706,"FED420"
81711,"FED407"
81731,"FED129"
81740,"FED115"
81755,"FED111"
81764,"FED111"
81771,"FED117"
81809,"FED111"
81810,"FED413"
81845,"FED242"
81861,"FED111"
81867,"FED109"
81893,"FED242"
81914,"FED209"
81925,"FED111"
81931,"FED111"
81936,"FED101"
81996,"FED111"
82052,"FED115"
82060,"FED111"
82064,"FED123"
82089,"FED242"
82142,"FED123"
82164,"FED403"
82165,"FED132"
82190,"FED106"
82214,"FED111"
82228,"FED111"
82245,"FED111"
82247,"FED420"
82253,"FED404"
82297,"FED109"
82349,"FED124"
82356,"FED102"
82358,"FED105"
82359,"FED133"
82369,"FED410"
82372,"FED127"
82378,"FED402"
82382,"FED245"
82394,"FED402"
82399,"FED402"
82422,"FED420"
82423,"FED249"
82429,"FED117"
82434,"FED212"
82436,"FED109"
82440,"FED125"
82451,"FED111"
82469,"FED111"
82493,"FED503"
82509,"FED110"
82539,"FED604"
82540,"FED605"
82550,"FED420"
82558,"FED402"
82560,"FED221"
82561,"FED218"
82566,"FED219"
82575,"FED201"
82592,"FED402"
82595,"FED111"
82605,"FED133"
82610,"FED242"
82629,"FED403"
82636,"FED134"
82637,"FED604"
82640,"FED109"
82703,"FED111"
82726,"FED132"
82730,"FED605"
82736,"FED604"
82770,"FED221"
82772,"FED111"
82797,"FED133"
82799,"FED219"
82821,"FED402"
82826,"FED111"
82862,"FED109"
82864,"FED108"
82879,"FED111"
82887,"FED133"
82893,"FED101"
82895,"FED402"
82899,"FED133"
82913,"FED245"
82956,"FED105"
83039,"FED403"
83056,"FED218"
83057,"FED242"
83065,"FED111"
83095,"FED125"
83125,"FED106"
83138,"FED133"
83151,"FED413"
83173,"FED220"
83189,"FED604"
83216,"FED402"
83217,"FED126"
83260,"FED417"
83266,"FED245"
83278,"FED402"
83283,"FED108"
83284,"FED125"
83293,"FED134"
83294,"FED123"
83301,"FED111"
83308,"FED115"
83312,"FED242"
83320,"FED133"
83321,"FED136"
83334,"FED133"
83340,"FED249"
83344,"FED402"
83365,"FED111"
83395,"FED132"
83399,"FED133"
83450,"FED111"
83454,"FED109"
83458,"FED245"
83496,"FED209"
83514,"FED601"
83585,"FED407"
83613,"FED105"
83616,"FED132"
83694,"FED212"
83714,"FED242"
83729,"FED125"
83730,"FED402"
83733,"FED117"
83756,"FED242"
83776,"FED123"
83784,"FED108"
83796,"FED129"
83829,"FED132"
83841,"FED221"
83852,"FED242"
83882,"FED404"
83898,"FED111"
83906,"FED109"
83924,"FED101"
83929,"FED105"
83932,"FED117"
83937,"FED133"
83940,"FED101"
83943,"FED125"
83953,"FED604"
83958,"FED242"
83960,"FED604"
83982,"FED111"
83985,"FED245"
84016,"FED242"
84023,"FED242"
84046,"FED128"
84064,"FED111"
84068,"FED132"
84092,"FED109"
84098,"FED420"
84161,"FED219"
84167,"FED109"
84209,"FED117"
84219,"FED245"
84225,"FED123"
84240,"FED132"
84248,"FED125"
84256,"FED101"
84271,"FED113"
84274,"FED221"
84288,"FED209"
84297,"FED128"
84336,"FED132"
84342,"FED101"
84383,"FED405"
84394,"FED132"
84416,"FED128"
84427,"FED123"
84465,"FED123"
84485,"FED113"
84491,"FED249"
84561,"FED121"
84584,"FED111"
84625,"FED132"
84626,"FED111"
84640,"FED101"
84647,"FED115"
84655,"FED111"
84678,"FED111"
84704,"FED101"
84718,"FED134"
84789,"FED604"
84796,"FED604"
84827,"FED202"
84878,"FED245"
84896,"FED106"
84897,"FED123"
84913,"FED118"
84915,"FED115"
84918,"FED125"
84938,"FED128"
84947,"FED403"
84948,"FED403"
85019,"FED603"
85026,"FED125"
85040,"FED115"
85042,"FED132"
85062,"FED103"
85069,"FED604"
85091,"FED115"
85095,"FED133"
85096,"FED237"
85123,"FED601"
85132,"FED604"
85166,"FED604"
85173,"FED111"
85205,"FED136"
85239,"FED117"
85259,"FED503"
85267,"FED111"
85270,"FED209"
85282,"FED109"
85304,"FED123"
85313,"FED115"
85339,"FED111"
85378,"FED132"
85388,"FED604"
85403,"FED242"
85413,"FED115"
85415,"FED123"
85427,"FED109"
85433,"FED132"
85458,"FED601"
85496,"FED109"
85497,"FED109"
85511,"FED111"
85518,"FED101"
85553,"FED245"
85564,"FED111"
85580,"FED213"
85598,"FED134"
85640,"FED218"
85666,"FED123"
85669,"FED111"
85673,"FED242"
85691,"FED233"
85697,"FED111"
85698,"FED133"
85711,"FED402"
85731,"FED218"
85752,"FED125"
85759,"FED103"
85761,"FED111"
85800,"FED105"
85836,"FED105"
85851,"FED111"
85859,"FED111"
85864,"FED245"
85872,"FED111"
85908,"FED602"
85912,"FED123"
85929,"FED109"
85935,"FED103"
85947,"FED109"
85949,"FED105"
85957,"FED212"
85979,"FED404"
86019,"FED404"
86035,"FED404"
86043,"FED252"
86063,"FED124"
86098,"FED109"
86103,"FED111"
86104,"FED245"
86113,"FED602"
86115,"FED103"
86119,"FED242"
86123,"FED111"
86146,"FED111"
86175,"FED256"
86179,"FED206"
86192,"FED242"
86201,"FED402"
86220,"FED117"
86222,"FED242"
86228,"FED402"
86234,"FED137"
86238,"FED602"
86263,"FED129"
86279,"FED109"
86282,"FED242"
86284,"FED127"
86292,"FED602"
86324,"FED115"
86347,"FED111"
86370,"FED602"
86376,"FED404"
86430,"FED133"
86443,"FED602"
86444,"FED602"
86452,"FED125"
86457,"FED218"
86459,"FED111"
86503,"FED413"
86514,"FED105"
86587,"FED111"
86612,"FED404"
86613,"FED122"
86618,"FED413"
86620,"FED242"
86640,"FED604"
86673,"FED101"
86675,"FED115"
86702,"FED404"
86713,"FED125"
86729,"FED119"
86739,"FED123"
86744,"FED404"
86769,"FED211"
86776,"FED115"
86802,"FED132"
86830,"FED402"
86868,"FED111"
86901,"FED402"
86908,"FED124"
86913,"FED219"
86914,"FED602"
86936,"FED403"
86947,"FED404"
86953,"FED403"
86985,"FED111"
86988,"FED136"
87015,"FED112"
87016,"FED503"
87025,"FED126"
87026,"FED111"
87034,"FED111"
87038,"FED111"
87040,"FED245"
87042,"FED220"
87061,"FED201"
87062,"FED218"
87080,"FED401"
87083,"FED402"
87088,"FED111"
87093,"FED111"
87095,"FED604"
87110,"FED245"
87122,"FED604"
87126,"FED111"
87141,"FED402"
87151,"FED111"
87160,"FED134"
87178,"FED101"
87183,"FED402"
87197,"FED115"
87201,"FED123"
87235,"FED115"
87254,"FED221"
87257,"FED218"
87263,"FED113"
87273,"FED115"
87297,"FED123"
87298,"FED402"
87299,"FED413"
87305,"FED134"
87312,"FED135"
87321,"FED601"
87339,"FED605"
87373,"FED111"
87388,"FED503"
87418,"FED119"
87459,"FED117"
87495,"FED111"
87496,"FED129"
87525,"FED604"
87527,"FED249"
87538,"FED218"
87562,"FED218"
87579,"FED125"
87590,"FED111"
87615,"FED245"
87624,"FED132"
87630,"FED119"
87677,"FED604"
87679,"FED111"
87715,"FED123"
87719,"FED123"
87728,"FED267"
87730,"FED211"
87749,"FED109"
87752,"FED111"
87757,"FED118"
87762,"FED124"
87774,"FED109"
87786,"FED111"
87799,"FED109"
87807,"FED404"
87823,"FED604"
87827,"FED420"
87837,"FED404"
87849,"FED245"
87850,"FED132"
87857,"FED242"
87885,"FED132"
87895,"FED604"
87938,"FED123"
87960,"FED601"
87989,"FED128"
88039,"FED117"
88046,"FED219"
88052,"FED413"
88066,"FED413"
88067,"FED111"
88073,"FED133"
88093,"FED267"
88107,"FED242"
88123,"FED119"
88172,"FED117"
88175,"FED111"
88179,"FED242"
88188,"FED111"
88198,"FED261"
88206,"FED109"
88207,"FED245"
88229,"FED420"
88234,"FED101"
88235,"FED206"
88237,"FED108"
88243,"FED123"
88252,"FED111"
88262,"FED109"
88283,"FED111"
88299,"FED402"
88312,"FED132"
88314,"FED413"
88327,"FED420"
88328,"FED127"
88345,"FED111"
88362,"FED111"
88399,"FED254"
88411,"FED418"
88413,"FED219"
88423,"FED109"
88442,"FED107"
88459,"FED123"
88463,"FED113"
88478,"FED233"
88501,"FED111"
88527,"FED217"
88529,"FED119"
88589,"FED604"
88595,"FED242"
88615,"FED101"
88655,"FED206"
88657,"FED117"
88670,"FED111"
88685,"FED256"
88707,"FED101"
88711,"FED132"
88714,"FED108"
88733,"FED125"
88738,"FED121"
88744,"FED221"
88750,"FED111"
88830,"FED604"
88838,"FED604"
88870,"FED420"
88885,"FED111"
88910,"FED123"
88929,"FED242"
88965,"FED134"
88968,"FED242"
88972,"FED402"
88982,"FED605"
89033,"FED211"
89038,"FED413"
89039,"FED218"
89042,"FED126"
89052,"FED123"
89054,"FED604"
89083,"FED402"
89108,"FED233"
89110,"FED402"
89120,"FED242"
89126,"FED402"
89154,"FED402"
89159,"FED105"
89178,"FED242"
89191,"FED221"
89199,"FED503"
89231,"FED132"
89235,"FED111"
89242,"FED402"
89247,"FED245"
89263,"FED101"
89273,"FED413"
89283,"FED242"
89294,"FED413"
89318,"FED132"
89385,"FED111"
89389,"FED604"
89413,"FED245"
89422,"FED401"
89428,"FED111"
89434,"FED124"
89439,"FED132"
89499,"FED123"
89502,"FED128"
89520,"FED101"
89554,"FED402"
89555,"FED119"
89564,"FED109"
89607,"FED111"
89608,"FED261"
89610,"FED402"
89613,"FED131"
89625,"FED111"
89634,"FED109"
89646,"FED201"
89648,"FED129"
89682,"FED205"
89700,"FED413"
89712,"FED117"
89713,"FED133"
89719,"FED201"
89721,"FED119"
89722,"FED111"
89734,"FED402"
89745,"FED122"
89816,"FED601"
89817,"FED126"
89837,"FED133"
89846,"FED119"
89859,"FED134"
89879,"FED410"
89884,"FED605"
89898,"FED210"
89910,"FED111"
89957,"FED115"
89986,"FED410"
90007,"FED101"
90009,"FED125"
90019,"FED111"
90023,"FED133"
90031,"FED218"
90048,"FED242"
90066,"FED134"
90116,"FED123"
90132,"FED604"
90232,"FED402"
90241,"FED605"
90292,"FED117"
90299,"FED123"
90308,"FED103"
90310,"FED132"
90324,"FED136"
90353,"FED204"
90370,"FED125"
90372,"FED410"
90374,"FED101"
90375,"FED121"
90384,"FED109"
90385,"FED210"
90463,"FED102"
90466,"FED256"
90468,"FED115"
90489,"FED111"
90527,"FED254"
90538,"FED103"
90554,"FED252"
90561,"FED101"
90566,"FED121"
90571,"FED410"
90584,"FED133"
90586,"FED132"
90594,"FED117"
90610,"FED111"
90631,"FED221"
90634,"FED133"
90646,"FED111"
90650,"FED212"
90651,"FED132"
90656,"FED119"
90659,"FED113"
90660,"FED604"
90690,"FED132"
90691,"FED117"
90705,"FED125"
90715,"FED604"
90717,"FED111"
90724,"FED604"
90730,"FED135"
90733,"FED604"
90740,"FED402"
90753,"FED402"
90783,"FED402"
90790,"FED404"
90794,"FED604"
90805,"FED103"
90807,"FED601"
90808,"FED123"
90824,"FED105"
90825,"FED401"
90834,"FED123"
90837,"FED252"
90838,"FED602"
90851,"FED111"
90864,"FED402"
90875,"FED119"
90888,"FED105"
90900,"FED101"
90907,"FED111"
90945,"FED109"
90956,"FED125"
90959,"FED219"
90961,"FED119"
90977,"FED132"
90988,"FED402"
91017,"FED245"
91053,"FED218"
91056,"FED103"
91059,"FED402"
91061,"FED410"
91069,"FED402"
91076,"FED111"
91085,"FED123"
91128,"FED109"
91175,"FED402"
91222,"FED245"
91225,"FED109"
91227,"FED132"
91255,"FED123"
91274,"FED410"
91304,"FED218"
91334,"FED106"
91350,"FED245"
91385,"FED101"
91388,"FED242"
91398,"FED125"
91402,"FED413"
91405,"FED111"
91421,"FED245"
91424,"FED222"
91426,"FED204"
91433,"FED212"
91482,"FED122"
91484,"FED127"
91500,"FED103"
91505,"FED111"
91519,"FED101"
91527,"FED125"
91563,"FED132"
91575,"FED602"
91636,"FED111"
91658,"FED123"
91684,"FED103"
91708,"FED117"
91725,"FED245"
91742,"FED410"
91778,"FED113"
91796,"FED403"
91810,"FED132"
91830,"FED109"
91835,"FED413"
91846,"FED123"
91861,"FED123"
91894,"FED132"
91897,"FED115"
91910,"FED123"
91939,"FED132"
91943,"FED601"
92037,"FED219"
92043,"FED410"
92066,"FED111"
92081,"FED101"
92082,"FED221"
92094,"FED124"
92113,"FED242"
92123,"FED115"
92124,"FED123"
92129,"FED109"
92148,"FED245"
92158,"FED123"
92159,"FED111"
92182,"FED242"
92227,"FED128"
92240,"FED117"
92249,"FED218"
92263,"FED136"
92266,"FED123"
92284,"FED218"
92360,"FED221"
92372,"FED123"
92450,"FED202"
92472,"FED245"
92485,"FED132"
92571,"FED242"
92588,"FED604"
92594,"FED111"
92602,"FED111"
92605,"FED123"
92618,"FED123"
92621,"FED110"
92643,"FED123"
92648,"FED602"
92651,"FED103"
92658,"FED125"
92683,"FED109"
92739,"FED125"
92766,"FED132"
92771,"FED402"
92773,"FED123"
92783,"FED136"
92787,"FED135"
92808,"FED103"
92811,"FED111"
92846,"FED221"
92852,"FED109"
92869,"FED413"
92872,"FED110"
92891,"FED123"
92900,"FED123"
92901,"FED109"
92912,"FED237"
92933,"FED111"
92962,"FED101"
93007,"FED123"
93008,"FED212"
93016,"FED402"
93025,"FED115"
93046,"FED106"
93126,"FED123"
93141,"FED601"
93169,"FED418"
93225,"FED105"
93242,"FED111"
93256,"FED134"
93279,"FED202"
93291,"FED123"
93292,"FED132"
93293,"FED132"
93300,"FED132"
93316,"FED111"
93319,"FED132"
93321,"FED410"
93325,"FED114"
93349,"FED202"
93384,"FED410"
93402,"FED110"
93403,"FED109"
93407,"FED123"
93433,"FED109"
93446,"FED108"
93455,"FED113"
93467,"FED134"
93501,"FED132"
93510,"FED111"
93540,"FED602"
93549,"FED123"
93560,"FED111"
93574,"FED101"
93596,"FED109"
93610,"FED101"
93618,"FED109"
93621,"FED123"
93628,"FED132"
93640,"FED133"
93647,"FED245"
93649,"FED402"
93650,"FED111"
93659,"FED105"
93670,"FED123"
93701,"FED105"
93702,"FED602"
93704,"FED111"
93715,"FED135"
93720,"FED221"
93722,"FED123"
93731,"FED125"
93748,"FED602"
93818,"FED123"
93822,"FED133"
93832,"FED126"
93856,"FED103"
93967,"FED111"
93981,"FED111"
94034,"FED111"
94049,"FED219"
94064,"FED122"
94082,"FED221"
94117,"FED410"
94129,"FED410"
94178,"FED123"
94313,"FED218"
94327,"FED122"
94432,"FED111"
94449,"FED221"
94464,"FED402"
94471,"FED133"
94571,"FED245"
94589,"FED410"
94597,"FED105"
94614,"FED410"
94615,"FED410"
94618,"FED256"
94646,"FED410"
94796,"FED220"
94837,"FED105"
94854,"FED405"
94876,"FED402"
94883,"FED604"
94889,"FED129"
94912,"FED136"
94940,"FED111"
94949,"FED245"
94960,"FED125"
94988,"FED128"
94993,"FED410"
95004,"FED107"
95036,"FED221"
95057,"FED410"
95059,"FED103"
95087,"FED128"
95135,"FED204"
95142,"FED135"
95149,"FED111"
95153,"FED115"
95155,"FED101"
95263,"FED123"
95302,"FED101"
95339,"FED111"
95373,"FED119"
95472,"FED602"
95604,"FED602"
95607,"FED131"
95742,"FED410"
95782,"FED111"
95802,"FED105"
95806,"FED602"
95843,"FED602"
95872,"FED111"
95883,"FED111"
95893,"FED222"
95966,"FED420"
95975,"FED105"
95979,"FED133"
95993,"FED109"
96017,"FED402"
96018,"FED119"
96026,"FED402"
96054,"FED126"
96058,"FED221"
96075,"FED119"
96090,"FED115"
96095,"FED125"
96123,"FED119"
96174,"FED218"
96200,"FED604"
96238,"FED101"
96265,"FED111"
96278,"FED133"
96280,"FED218"
96282,"FED109"
96312,"FED132"
96334,"FED133"
96346,"FED402"
96350,"FED123"
96357,"FED133"
96360,"FED115"
96381,"FED113"
96397,"FED114"
96413,"FED402"
96462,"FED115"
96478,"FED102"
96481,"FED604"
96545,"FED221"
96584,"FED132"
96587,"FED123"
96597,"FED111"
96618,"FED410"
96633,"FED129"
96644,"FED410"
96674,"FED242"
96680,"FED418"
96688,"FED410"
96778,"FED111"
96823,"FED402"
96834,"FED245"
96836,"FED111"
96893,"FED402"
96924,"FED133"
96934,"FED123"
96959,"FED123"
96983,"FED111"
96984,"FED105"
97023,"FED111"
97030,"FED201"
97032,"FED402"
97072,"FED602"
97116,"FED111"
97173,"FED103"
97221,"FED401"
97241,"FED115"
97275,"FED402"
97288,"FED132"
97315,"FED122"
97317,"FED135"
97322,"FED111"
97324,"FED111"
97344,"FED111"
97358,"FED133"
97375,"FED105"
97379,"FED132"
97402,"FED402"
97483,"FED107"
97523,"FED245"
97545,"FED245"
97594,"FED418"
97636,"FED133"
97703,"FED605"
97727,"FED129"
97761,"FED115"
97767,"FED402"
97770,"FED256"
97796,"FED402"
97822,"FED410"
97859,"FED219"
97865,"FED101"
97898,"FED410"
97957,"FED410"
97994,"FED202"
98015,"FED242"
98026,"FED108"
98055,"FED402"
98084,"FED109"
98086,"FED135"
98109,"FED402"
98116,"FED110"
98124,"FED111"
98136,"FED410"
98156,"FED233"
98165,"FED410"
98183,"FED410"
98186,"FED604"
98203,"FED111"
98211,"FED127"
98246,"FED101"
98249,"FED410"
98285,"FED132"
98334,"FED132"
98339,"FED111"
98348,"FED402"
98383,"FED136"
98405,"FED115"
98417,"FED111"
98420,"FED219"
98486,"FED404"
98503,"FED128"
98506,"FED111"
98531,"FED123"
98538,"FED133"
98551,"FED115"
98552,"FED245"
98576,"FED202"
98598,"FED124"
98645,"FED403"
98651,"FED245"
98656,"FED125"
98671,"FED112"
98688,"FED254"
98693,"FED403"
98703,"FED109"
98723,"FED123"
98729,"FED602"
98732,"FED101"
98737,"FED218"
98740,"FED111"
98769,"FED218"
98776,"FED257"
98798,"FED602"
98801,"FED402"
98808,"FED123"
98825,"FED402"
98921,"FED105"
98939,"FED129"
98945,"FED124"
98956,"FED109"
98960,"FED219"
98969,"FED254"
98993,"FED119"
99026,"FED604"
99036,"FED101"
99060,"FED124"
99064,"FED111"
99067,"FED403"
99081,"FED106"
99156,"FED119"
99186,"FED124"
99219,"FED111"
99289,"FED111"
99299,"FED204"
99314,"FED402"
99325,"FED132"
99347,"FED111"
99352,"FED103"
99355,"FED403"
99365,"FED115"
99371,"FED127"
99379,"FED410"
99388,"FED111"
99396,"FED115"
99400,"FED109"
99402,"FED254"
99407,"FED111"
99435,"FED413"
99463,"FED123"
99468,"FED605"
99474,"FED604"
99476,"FED132"
99477,"FED221"
99494,"FED402"
99496,"FED111"
99504,"FED129"
99512,"FED129"
99528,"FED123"
99645,"FED105"
99656,"FED404"
99678,"FED102"
99682,"FED206"
99688,"FED111"
99690,"FED402"
99711,"FED602"
99723,"FED245"
99724,"FED264"
99746,"FED604"
99747,"FED111"
99748,"FED222"
99761,"FED111"
99771,"FED103"
99781,"FED242"
99801,"FED604"
99805,"FED402"
99809,"FED111"
99811,"FED128"
99817,"FED117"
99834,"FED219"
99838,"FED134"
99866,"FED245"
99925,"FED126"
99929,"FED123"
99938,"FED109"
99950,"FED136"
99975,"FED119"
100002,"FED117"
100006,"FED129"
100027,"FED132"
100031,"FED401"
100037,"FED115"
